name,price,age,line,station_name,minutes,layout,area,address,url
ライオンズマンション平尾台３号棟　中古マンション,1380,44,地下鉄七隈線,薬院大通,19,2LDK,82.46,福岡県福岡市中央区平尾５,https://suumo.jp//ms/chuko/fukuoka/sc_fukuokashichuo/nc_74814536/
アンピール駅東,1680,41,ＪＲ鹿児島本線,博多,13,3DK,56.15,福岡県福岡市博多区東光２,https://suumo.jp//ms/chuko/fukuoka/sc_fukuokashihakata/nc_74972680/
鳥飼リバーハイツ　中古マンション,1870,45,地下鉄七隈線,別府,12,2LDK,71.91,福岡県福岡市城南区鳥飼４,https://suumo.jp//ms/chuko/fukuoka/sc_fukuokashijonan/nc_74924548/
ヒューマンズ小笹,1880,35,地下鉄七隈線,桜坂,28,3LDK+S（納戸）,80.59,福岡県福岡市中央区小笹３-21-46,https://suumo.jp//ms/chuko/fukuoka/sc_fukuokashichuo/nc_74729729/
◇LDK17帖のプランもご提案可能◇リーベスト小笹,2130,28,地下鉄七隈線,桜坂,22,3LDK,71.15,福岡県福岡市中央区小笹４,https://suumo.jp//ms/chuko/fukuoka/sc_fukuokashichuo/nc_73375829/
ライオンズマンションマキシム萩の宮,2190,43,地下鉄七隈線,薬院大通,23,2LDK,62.49,福岡県福岡市南区高宮１,https://suumo.jp//ms/chuko/fukuoka/sc_fukuokashiminami/nc_74934664/
東峰マンション大濠,2190,47,地下鉄七隈線,六本松,15,2LDK,72.9,福岡県福岡市中央区鳥飼１,https://suumo.jp//ms/chuko/fukuoka/sc_fukuokashichuo/nc_71894128/
サンライフ西公園　905号室,2280,47,地下鉄七隈線,六本松,23,4LDK,83.68,福岡県福岡市中央区荒戸３,https://suumo.jp//ms/chuko/fukuoka/sc_fukuokashichuo/nc_74792088/
スコーレ笹丘,2320,41,地下鉄七隈線,別府,23,3LDK,87.14,福岡県福岡市中央区笹丘３,https://suumo.jp//ms/chuko/fukuoka/sc_fukuokashichuo/nc_74133105/
シャンボール大濠　中古マンション,2390,46,地下鉄七隈線,別府,14,3LDK,74.88,福岡県福岡市中央区鳥飼３,https://suumo.jp//ms/chuko/fukuoka/sc_fukuokashichuo/nc_74127773/
ロマネスク大名,2698,37,地下鉄七隈線,薬院大通,12,2LDK,57.96,福岡県福岡市中央区大名１,https://suumo.jp//ms/chuko/fukuoka/sc_fukuokashichuo/nc_74934138/
ロマネスク大名,2698,40,地下鉄七隈線,薬院大通,12,2LDK,57.96,福岡県福岡市中央区大名１,https://suumo.jp//ms/chuko/fukuoka/sc_fukuokashichuo/nc_74954036/
祖原公園ハウス,2790,41,地下鉄七隈線,別府,20,2LDK,66.62,福岡県福岡市早良区祖原,https://suumo.jp//ms/chuko/fukuoka/sc_fukuokashisawara/nc_74689372/
ラインズマンション六本松　中古マンション,2990,38,地下鉄七隈線,桜坂,7,3LDK,70.29,福岡県福岡市中央区谷１,https://suumo.jp//ms/chuko/fukuoka/sc_fukuokashichuo/nc_74421962/
トーカンマンション今泉,3250,44,西鉄天神大牟田線,薬院,8,3LDK,83.68,福岡県福岡市中央区今泉１,https://suumo.jp//ms/chuko/fukuoka/sc_fukuokashichuo/nc_74784504/
クリオラベルヴィ博多,3390,5,ＪＲ鹿児島本線,博多,13,2LDK,43.36,福岡県福岡市博多区比恵町,https://suumo.jp//ms/chuko/fukuoka/sc_fukuokashihakata/nc_74792176/
クリオラベルヴィ博多,3390,5,ＪＲ鹿児島本線,博多,10,2LDK,43.36,福岡県福岡市博多区比恵町,https://suumo.jp//ms/chuko/fukuoka/sc_fukuokashihakata/nc_74802697/
ライオンズガーデンシティ鳥飼I番館,3680,26,地下鉄七隈線,別府,9,3LDK,74.11,福岡県福岡市城南区鳥飼４,https://suumo.jp//ms/chuko/fukuoka/sc_fukuokashijonan/nc_74651887/
グランディア高宮ヒルズ,3700,19,西鉄天神大牟田線,薬院,31,3LDK+S（納戸）,83.38,福岡県福岡市南区高宮４,https://suumo.jp//ms/chuko/fukuoka/sc_fukuokashiminami/nc_72993054/
アンピール天神東,3880,20,西鉄天神大牟田線,薬院,13,2LDK,65.04,福岡県福岡市中央区春吉２,https://suumo.jp//ms/chuko/fukuoka/sc_fukuokashichuo/nc_72841284/
プレサンスロジェ博多駅北,3898,5,ＪＲ鹿児島本線,博多,21,3LDK,66.14,福岡県福岡市博多区吉塚３,https://suumo.jp//ms/chuko/fukuoka/sc_fukuokashihakata/nc_74862900/
プレサンスロジェ博多駅北,3898,5,ＪＲ鹿児島本線,博多,22,3LDK,66.14,福岡県福岡市博多区吉塚３,https://suumo.jp//ms/chuko/fukuoka/sc_fukuokashihakata/nc_74948617/
パレスト別府駅前,4280,18,地下鉄七隈線,別府,1,3LDK,75.44,福岡県福岡市城南区別府３,https://suumo.jp//ms/chuko/fukuoka/sc_fukuokashijonan/nc_74094076/
ダイアパレス赤坂けやき通り,4280,24,地下鉄七隈線,桜坂,12,3LDK,67.64,福岡県福岡市中央区赤坂３,https://suumo.jp//ms/chuko/fukuoka/sc_fukuokashichuo/nc_74616643/
笹丘パークマンション,4480,29,地下鉄七隈線,桜坂,35,4LDK,102.69,福岡県福岡市中央区笹丘３,https://suumo.jp//ms/chuko/fukuoka/sc_fukuokashichuo/nc_74672377/
アンピールリーヴァス天神,4480,26,地下鉄七隈線,天神南,11,3LDK,74.75,福岡県福岡市中央区春吉１,https://suumo.jp//ms/chuko/fukuoka/sc_fukuokashichuo/nc_74996654/
ダイアパレスプレッソけやき通り,4880,28,地下鉄七隈線,薬院大通,7,2LDK,65.76,福岡県福岡市中央区薬院２,https://suumo.jp//ms/chuko/fukuoka/sc_fukuokashichuo/nc_74692306/
ライオンズタワー赤坂けやき通り,5000,17,地下鉄七隈線,桜坂,11,2LDK,60.05,福岡県福岡市中央区赤坂２,https://suumo.jp//ms/chuko/fukuoka/sc_fukuokashichuo/nc_74606216/
アーティックス大濠,5280,20,地下鉄七隈線,六本松,10,3LDK,81.12,福岡県福岡市中央区鳥飼１,https://suumo.jp//ms/chuko/fukuoka/sc_fukuokashichuo/nc_74918209/
ハウベスト赤坂けやき通り,5480,26,地下鉄七隈線,桜坂,10,3LDK,79.0,福岡県福岡市中央区赤坂３,https://suumo.jp//ms/chuko/fukuoka/sc_fukuokashichuo/nc_75011369/
平尾山荘ヒルズ,5680,27,地下鉄七隈線,薬院大通,13,4LDK,92.66,福岡県福岡市中央区平尾５,https://suumo.jp//ms/chuko/fukuoka/sc_fukuokashichuo/nc_72331375/
ラフォーレ赤坂ルネッサンス,5830,24,地下鉄七隈線,桜坂,9,2LDK,90.47,福岡県福岡市中央区赤坂３,https://suumo.jp//ms/chuko/fukuoka/sc_fukuokashichuo/nc_74942805/
ラフォーレ赤坂ルネッサンス,5830,24,地下鉄七隈線,桜坂,7,2LDK,90.47,福岡県福岡市中央区赤坂３,https://suumo.jp//ms/chuko/fukuoka/sc_fukuokashichuo/nc_73880138/
ザ・パークハウス桜坂サンリヤン,5980,6,地下鉄七隈線,桜坂,3,2LDK,62.55,福岡県福岡市中央区桜坂３,https://suumo.jp//ms/chuko/fukuoka/sc_fukuokashichuo/nc_74808961/
ファーネスト平尾駅前レジスタ,6180,9,地下鉄七隈線,薬院,12,4LDK,86.26,福岡県福岡市中央区大宮２,https://suumo.jp//ms/chuko/fukuoka/sc_fukuokashichuo/nc_74986473/
ザ・パークハウス桜坂サンリヤン,6380,6,地下鉄七隈線,桜坂,3,3LDK,73.6,福岡県福岡市中央区桜坂３,https://suumo.jp//ms/chuko/fukuoka/sc_fukuokashichuo/nc_74888583/
ザ・パークハウス桜坂サンリヤン,6600,6,地下鉄七隈線,桜坂,3,3LDK,73.63,福岡県福岡市中央区桜坂３,https://suumo.jp//ms/chuko/fukuoka/sc_fukuokashichuo/nc_74850545/
アプローズ薬院デュオイースト,7680,21,地下鉄七隈線,薬院大通,4,4LDK,100.14,福岡県福岡市中央区薬院２-7-29,https://suumo.jp//ms/chuko/fukuoka/sc_fukuokashichuo/nc_74629595/
パークホームズ警固本通り,7950,15,地下鉄七隈線,薬院大通,12,2LDK,93.66,福岡県福岡市中央区警固２,https://suumo.jp//ms/chuko/fukuoka/sc_fukuokashichuo/nc_74038618/
プレミスト平尾１丁目,8340,10,西鉄天神大牟田線,薬院,3,3LDK,90.22,福岡県福岡市中央区平尾１,https://suumo.jp//ms/chuko/fukuoka/sc_fukuokashichuo/nc_73305821/
大濠オドゥール,8480,26,地下鉄七隈線,六本松,12,3LDK,99.99,福岡県福岡市中央区大濠１,https://suumo.jp//ms/chuko/fukuoka/sc_fukuokashichuo/nc_75022078/
コアマンションけやき通りプレジオ,9980,22,地下鉄七隈線,六本松,10,4LDK,133.37,福岡県福岡市中央区赤坂３,https://suumo.jp//ms/chuko/fukuoka/sc_fukuokashichuo/nc_74947240/
プレミスト大濠二丁目,12500,1,地下鉄七隈線,六本松,16,2LDK,82.33,福岡県福岡市中央区大濠２,https://suumo.jp//ms/chuko/fukuoka/sc_fukuokashichuo/nc_73748454/
笹の台団地,600,50,地下鉄七隈線,桜坂,36,3DK,59.6,福岡県福岡市城南区長尾２,https://suumo.jp//ms/chuko/fukuoka/sc_fukuokashijonan/nc_74595074/
笹の台団地１３号棟,760,49,地下鉄七隈線,桜坂,33,2LDK,63.75,福岡県福岡市城南区長尾２,https://suumo.jp//ms/chuko/fukuoka/sc_fukuokashijonan/nc_72340748/
グリーンマンション別府（地下鉄「別府」駅まで徒歩３分…,1100,46,地下鉄七隈線,別府,3,3LDK,66.87,福岡県福岡市城南区別府１,https://suumo.jp//ms/chuko/fukuoka/sc_fukuokashijonan/nc_74672885/
ライオンズマンション大濠西,1380,38,地下鉄七隈線,別府,14,2DK,44.79,福岡県福岡市中央区鳥飼３-2-10,https://suumo.jp//ms/chuko/fukuoka/sc_fukuokashichuo/nc_74480218/
笹の台団地,1390,49,地下鉄七隈線,桜坂,35,3LDK,75.82,福岡県福岡市城南区長尾２,https://suumo.jp//ms/chuko/fukuoka/sc_fukuokashijonan/nc_74494952/
ロワールマンション荒江,1399,42,地下鉄七隈線,別府,18,3LDK,67.71,福岡県福岡市早良区荒江２-7-10,https://suumo.jp//ms/chuko/fukuoka/sc_fukuokashisawara/nc_74768746/
トピレック博多,1490,50,ＪＲ鹿児島本線,博多,22,2LDK,52.25,福岡県福岡市博多区博多駅南６,https://suumo.jp//ms/chuko/fukuoka/sc_fukuokashihakata/nc_74892270/
エバーライフ博多駅南,1580,38,山陽新幹線,博多,28,4DK,71.24,福岡県福岡市博多区半道橋１,https://suumo.jp//ms/chuko/fukuoka/sc_fukuokashihakata/nc_74534964/
パークハイム寺塚,1630,37,地下鉄七隈線,薬院大通,33,3LDK,72.23,福岡県福岡市南区寺塚２,https://suumo.jp//ms/chuko/fukuoka/sc_fukuokashiminami/nc_74588506/
マンション鳥飼,1680,51,地下鉄七隈線,別府,11,2LDK,65.54,福岡県福岡市中央区鳥飼１,https://suumo.jp//ms/chuko/fukuoka/sc_fukuokashichuo/nc_73270015/
アムール別府Ⅱ,1690,36,地下鉄七隈線,別府,10,3LDK,64.89,福岡県福岡市城南区別府７,https://suumo.jp//ms/chuko/fukuoka/sc_fukuokashijonan/nc_74941834/
笹の台住宅団地　2号棟,1698,50,地下鉄七隈線,桜坂,34,2LDK,54.67,福岡県福岡市城南区長尾２,https://suumo.jp//ms/chuko/fukuoka/sc_fukuokashijonan/nc_74924088/
チサンマンション寺塚,1699,39,地下鉄七隈線,桜坂,41,4LDK,84.42,福岡県福岡市南区寺塚２,https://suumo.jp//ms/chuko/fukuoka/sc_fukuokashiminami/nc_73830517/
ローレルハイツ高宮,1710,51,地下鉄七隈線,薬院,24,2LDK,64.51,福岡県福岡市南区大楠３,https://suumo.jp//ms/chuko/fukuoka/sc_fukuokashiminami/nc_74882349/
シティライフ博多駅東,1800,35,ＪＲ鹿児島本線,博多,16,3LDK,60.75,福岡県福岡市博多区東光２,https://suumo.jp//ms/chuko/fukuoka/sc_fukuokashihakata/nc_74739226/
鳥飼リバーハイツ,1870,45,地下鉄七隈線,別府,12,2LDK,71.91,福岡県福岡市城南区鳥飼４,https://suumo.jp//ms/chuko/fukuoka/sc_fukuokashijonan/nc_74969731/
鳥飼リバーハイツ,1870,45,地下鉄七隈線,別府,10,2LDK,71.91,福岡県福岡市城南区鳥飼４,https://suumo.jp//ms/chuko/fukuoka/sc_fukuokashijonan/nc_73890954/
ダイアパレス植物園南、壱番館,1880,36,地下鉄七隈線,桜坂,20,3LDK,65.8,福岡県福岡市中央区小笹５,https://suumo.jp//ms/chuko/fukuoka/sc_fukuokashichuo/nc_74983042/
スカイタウン寺塚住宅 25号棟,1890,44,地下鉄七隈線,薬院大通,34,4LDK,96.12,福岡県福岡市南区寺塚２,https://suumo.jp//ms/chuko/fukuoka/sc_fukuokashiminami/nc_74941780/
小笹コーポ,1900,46,地下鉄七隈線,桜坂,27,2LDK,60.41,福岡県福岡市中央区小笹１,https://suumo.jp//ms/chuko/fukuoka/sc_fukuokashichuo/nc_74573602/
シャンボール桜坂,1920,50,地下鉄七隈線,桜坂,5,2LDK,51.93,福岡県福岡市中央区古小烏町,https://suumo.jp//ms/chuko/fukuoka/sc_fukuokashichuo/nc_73369625/
東峰マンション・ダーリングヒル友泉亭,1990,32,地下鉄七隈線,別府,27,2LDK,68.2,福岡県福岡市城南区友泉亭,https://suumo.jp//ms/chuko/fukuoka/sc_fukuokashijonan/nc_74161390/
東峰マンション・ダーリングヒル友泉亭,1990,32,地下鉄七隈線,別府,27,2LDK,68.2,福岡県福岡市城南区友泉亭,https://suumo.jp//ms/chuko/fukuoka/sc_fukuokashijonan/nc_73858406/
東峰マンション・ダーリングヒル友泉亭,1990,32,地下鉄七隈線,別府,27,2LDK,68.2,福岡県福岡市城南区友泉亭,https://suumo.jp//ms/chuko/fukuoka/sc_fukuokashijonan/nc_73846943/
東峰マンション博多駅東,2080,39,ＪＲ鹿児島本線,博多,13,2LDK,51.4,福岡県福岡市博多区比恵町,https://suumo.jp//ms/chuko/fukuoka/sc_fukuokashihakata/nc_74503838/
笹丘パーク・マンション,2090,29,地下鉄七隈線,桜坂,35,3LDK,69.07,福岡県福岡市中央区笹丘３,https://suumo.jp//ms/chuko/fukuoka/sc_fukuokashichuo/nc_73806646/
コープ野村平尾山荘　中古マンション,2090,46,地下鉄七隈線,薬院大通,13,3LDK,73.65,福岡県福岡市中央区山荘通３,https://suumo.jp//ms/chuko/fukuoka/sc_fukuokashichuo/nc_73920328/
コープ野村平尾山荘,2090,46,地下鉄七隈線,薬院大通,13,3LDK,73.65,福岡県福岡市中央区山荘通３,https://suumo.jp//ms/chuko/fukuoka/sc_fukuokashichuo/nc_74181896/
コープ野村平尾山荘,2090,46,地下鉄七隈線,薬院大通,13,3LDK,73.65,福岡県福岡市中央区山荘通３,https://suumo.jp//ms/chuko/fukuoka/sc_fukuokashichuo/nc_73806195/
笹丘パーク・マンション,2090,29,地下鉄七隈線,六本松,30,3LDK,69.07,福岡県福岡市中央区笹丘３,https://suumo.jp//ms/chuko/fukuoka/sc_fukuokashichuo/nc_72994369/
笹丘パーク・マンション,2090,29,地下鉄七隈線,桜坂,35,3LDK,69.07,福岡県福岡市中央区笹丘３,https://suumo.jp//ms/chuko/fukuoka/sc_fukuokashichuo/nc_74042971/
リーベスト小笹,2130,29,地下鉄七隈線,桜坂,22,3LDK,71.15,福岡県福岡市中央区小笹４,https://suumo.jp//ms/chuko/fukuoka/sc_fukuokashichuo/nc_74814050/
リーベスト小笹,2130,28,地下鉄七隈線,桜坂,22,3LDK,71.15,福岡県福岡市中央区小笹４,https://suumo.jp//ms/chuko/fukuoka/sc_fukuokashichuo/nc_72118076/
東峰マンション大濠,2190,47,地下鉄七隈線,六本松,15,2LDK,72.9,福岡県福岡市中央区鳥飼１,https://suumo.jp//ms/chuko/fukuoka/sc_fukuokashichuo/nc_74117230/
コープ野村平尾山荘,2190,46,地下鉄七隈線,薬院大通,13,3LDK,73.65,福岡県福岡市中央区山荘通３,https://suumo.jp//ms/chuko/fukuoka/sc_fukuokashichuo/nc_74160751/
コープ野村平尾山荘,2190,46,地下鉄七隈線,薬院大通,13,3LDK,73.65,福岡県福岡市中央区山荘通３,https://suumo.jp//ms/chuko/fukuoka/sc_fukuokashichuo/nc_74725006/
コアマンション博多ステーションプラザ,2198,29,ＪＲ鹿児島本線,博多,14,3LDK,64.25,福岡県福岡市博多区堅粕４-16-18,https://suumo.jp//ms/chuko/fukuoka/sc_fukuokashihakata/nc_74692876/
ホワイトキャッスル城南,2200,36,地下鉄七隈線,別府,15,3LDK,71.96,福岡県福岡市城南区茶山６,https://suumo.jp//ms/chuko/fukuoka/sc_fukuokashijonan/nc_74713934/
コアマンション小笹2,2248,28,地下鉄七隈線,桜坂,34,3LDK,70.76,福岡県福岡市中央区小笹１,https://suumo.jp//ms/chuko/fukuoka/sc_fukuokashichuo/nc_73388824/
サンハイツ平尾,2270,50,地下鉄七隈線,薬院,13,2LDK,61.51,福岡県福岡市中央区平尾２,https://suumo.jp//ms/chuko/fukuoka/sc_fukuokashichuo/nc_74839798/
サンハイツ平尾,2270,41,地下鉄七隈線,薬院大通,13,2LDK,56.68,福岡県福岡市中央区平尾２,https://suumo.jp//ms/chuko/fukuoka/sc_fukuokashichuo/nc_74969354/
藤和西新コープ,2280,47,地下鉄七隈線,別府,17,2LDK+S（納戸）,77.66,福岡県福岡市早良区城西２,https://suumo.jp//ms/chuko/fukuoka/sc_fukuokashisawara/nc_74400768/
藤和西新コープ,2280,47,地下鉄七隈線,別府,16,2LDK+S（納戸）,77.66,福岡県福岡市早良区城西２,https://suumo.jp//ms/chuko/fukuoka/sc_fukuokashisawara/nc_73952356/
エバーライフ住吉,2280,39,地下鉄空港線,博多,13,2DK,48.6,福岡県福岡市博多区住吉４,https://suumo.jp//ms/chuko/fukuoka/sc_fukuokashihakata/nc_74971466/
グランピア荒江　中古マンション,2290,44,地下鉄七隈線,別府,18,3LDK,80.77,福岡県福岡市早良区荒江２,https://suumo.jp//ms/chuko/fukuoka/sc_fukuokashisawara/nc_74316026/
ミリオンコーポラスニュー白亜館,2290,44,西鉄天神大牟田線,薬院,15,2LDK,68.04,福岡県福岡市中央区清川２,https://suumo.jp//ms/chuko/fukuoka/sc_fukuokashichuo/nc_73895745/
ミリオンコーポラスニュー白亜館,2290,44,西鉄天神大牟田線,薬院,15,2LDK,68.04,福岡県福岡市中央区清川２,https://suumo.jp//ms/chuko/fukuoka/sc_fukuokashichuo/nc_73921318/
平尾パインマンション,2299,44,地下鉄七隈線,薬院大通,19,3LDK,74.77,福岡県福岡市中央区平尾５,https://suumo.jp//ms/chuko/fukuoka/sc_fukuokashichuo/nc_73806012/
ライオンズマンション城南,2350,37,地下鉄七隈線,別府,12,2LDK,77.5,福岡県福岡市城南区荒江１,https://suumo.jp//ms/chuko/fukuoka/sc_fukuokashijonan/nc_74216477/
ロイヤルマンション荒江,2380,39,地下鉄七隈線,別府,14,3LDK,66.96,福岡県福岡市城南区荒江１-18-5,https://suumo.jp//ms/chuko/fukuoka/sc_fukuokashijonan/nc_74734598/
ロイヤルマンション荒江,2380,39,地下鉄七隈線,別府,14,3LDK,66.96,福岡県福岡市城南区荒江１,https://suumo.jp//ms/chuko/fukuoka/sc_fukuokashijonan/nc_74840110/
ロイヤルマンション荒江,2380,39,地下鉄七隈線,別府,13,3LDK,66.96,福岡県福岡市城南区荒江１-18-5,https://suumo.jp//ms/chuko/fukuoka/sc_fukuokashijonan/nc_74344489/
シャンボール大濠,2390,46,地下鉄七隈線,別府,14,3LDK,74.88,福岡県福岡市中央区鳥飼３,https://suumo.jp//ms/chuko/fukuoka/sc_fukuokashichuo/nc_74723531/
シャンボール大濠,2390,46,地下鉄七隈線,別府,14,3LDK,74.88,福岡県福岡市中央区鳥飼３-16-6,https://suumo.jp//ms/chuko/fukuoka/sc_fukuokashichuo/nc_73663743/
シャンボール大濠,2390,46,地下鉄七隈線,別府,14,3LDK,74.88,福岡県福岡市中央区鳥飼３-16-6,https://suumo.jp//ms/chuko/fukuoka/sc_fukuokashichuo/nc_73673973/
シャンボール大濠,2390,46,地下鉄七隈線,別府,14,3LDK,74.88,福岡県福岡市中央区鳥飼３,https://suumo.jp//ms/chuko/fukuoka/sc_fukuokashichuo/nc_74899935/
ミリオンコーポラスニュー白亜館,2390,44,地下鉄七隈線,薬院,14,2LDK,68.04,福岡県福岡市中央区清川２,https://suumo.jp//ms/chuko/fukuoka/sc_fukuokashichuo/nc_74833215/
シャンボール大濠,2390,46,地下鉄七隈線,別府,14,3LDK,74.88,福岡県福岡市中央区鳥飼３,https://suumo.jp//ms/chuko/fukuoka/sc_fukuokashichuo/nc_73976572/
シャンボール大濠,2390,46,地下鉄七隈線,別府,14,3LDK,74.88,福岡県福岡市中央区鳥飼３,https://suumo.jp//ms/chuko/fukuoka/sc_fukuokashichuo/nc_74162725/
ライオンズマンション平尾,2399,45,西鉄天神大牟田線,薬院,14,2LDK,52.75,福岡県福岡市中央区平尾２,https://suumo.jp//ms/chuko/fukuoka/sc_fukuokashichuo/nc_74572208/
シャンボール大濠,2498,46,地下鉄七隈線,別府,14,2LDK,74.88,福岡県福岡市中央区鳥飼３,https://suumo.jp//ms/chuko/fukuoka/sc_fukuokashichuo/nc_74370220/
パークハイム薬院,2580,45,地下鉄七隈線,薬院大通,4,3LDK+S（納戸）,71.17,福岡県福岡市中央区薬院２,https://suumo.jp//ms/chuko/fukuoka/sc_fukuokashichuo/nc_74858131/
グランドール小笹,2580,32,地下鉄七隈線,桜坂,28,3LDK,93.35,福岡県福岡市中央区小笹３,https://suumo.jp//ms/chuko/fukuoka/sc_fukuokashichuo/nc_74086830/
エクセレンス谷,2580,45,地下鉄七隈線,六本松,6,3LDK,66.68,福岡県福岡市中央区谷１,https://suumo.jp//ms/chuko/fukuoka/sc_fukuokashichuo/nc_74907776/
サーパス小笹第２,2680,25,地下鉄七隈線,六本松,23,3LDK,73.66,福岡県福岡市中央区小笹４-13-42,https://suumo.jp//ms/chuko/fukuoka/sc_fukuokashichuo/nc_74771964/
アムール東那珂,2680,26,山陽新幹線,博多,37,3LDK,75.97,福岡県福岡市博多区東那珂３,https://suumo.jp//ms/chuko/fukuoka/sc_fukuokashihakata/nc_74525951/
高宮パークマンション,2690,46,西鉄天神大牟田線,薬院,24,4LDK,85.98,福岡県福岡市南区高宮２,https://suumo.jp//ms/chuko/fukuoka/sc_fukuokashiminami/nc_74383425/
高宮パークマンション,2690,46,地下鉄七隈線,薬院,23,4LDK,85.98,福岡県福岡市南区高宮２,https://suumo.jp//ms/chuko/fukuoka/sc_fukuokashiminami/nc_74379168/
ロマネスク大名,2698,37,地下鉄七隈線,薬院大通,12,2LDK,57.96,福岡県福岡市中央区大名１,https://suumo.jp//ms/chuko/fukuoka/sc_fukuokashichuo/nc_74890030/
ロマネスク大名,2698,37,地下鉄七隈線,薬院大通,12,2LDK,57.96,福岡県福岡市中央区大名１-4-24,https://suumo.jp//ms/chuko/fukuoka/sc_fukuokashichuo/nc_74929475/
サンリヤン長丘,2699,18,地下鉄七隈線,桜坂,43,3LDK,72.0,福岡県福岡市南区長丘２,https://suumo.jp//ms/chuko/fukuoka/sc_fukuokashiminami/nc_73200935/
サンリヤン長丘,2699,18,地下鉄七隈線,桜坂,42,3LDK,21.78,福岡県福岡市南区長丘２,https://suumo.jp//ms/chuko/fukuoka/sc_fukuokashiminami/nc_74882339/
サンリヤン長丘,2699,18,地下鉄七隈線,桜坂,40,3LDK,72.0,福岡県福岡市南区長丘２,https://suumo.jp//ms/chuko/fukuoka/sc_fukuokashiminami/nc_74453611/
サンリヤン長丘,2699,18,地下鉄七隈線,薬院大通,37,3LDK,72.0,福岡県福岡市南区長丘２,https://suumo.jp//ms/chuko/fukuoka/sc_fukuokashiminami/nc_74780178/
サンリヤン長丘,2699,18,地下鉄七隈線,桜坂,43,3LDK,72.0,福岡県福岡市南区長丘２,https://suumo.jp//ms/chuko/fukuoka/sc_fukuokashiminami/nc_74387026/
サンリヤン長丘,2699,18,地下鉄七隈線,桜坂,43,3LDK,72.0,福岡県福岡市南区長丘２,https://suumo.jp//ms/chuko/fukuoka/sc_fukuokashiminami/nc_73624928/
サンリヤン長丘,2699,18,地下鉄七隈線,桜坂,43,3LDK,72.0,福岡県福岡市南区長丘２,https://suumo.jp//ms/chuko/fukuoka/sc_fukuokashiminami/nc_73523991/
ロイヤルマンション浄水　中古マンション,2780,42,地下鉄七隈線,薬院大通,4,2LDK,63.77,福岡県福岡市中央区薬院４,https://suumo.jp//ms/chuko/fukuoka/sc_fukuokashichuo/nc_74880377/
サンライフ六本松,2780,40,地下鉄七隈線,六本松,4,2LDK,60.48,福岡県福岡市中央区草香江２,https://suumo.jp//ms/chuko/fukuoka/sc_fukuokashichuo/nc_74977324/
コアマンション小笹,2780,29,地下鉄七隈線,桜坂,24,4LDK,81.35,福岡県福岡市中央区小笹３-6-16,https://suumo.jp//ms/chuko/fukuoka/sc_fukuokashichuo/nc_74447933/
サンライフ六本松,2780,40,地下鉄七隈線,六本松,3,2LDK,60.48,福岡県福岡市中央区草香江２,https://suumo.jp//ms/chuko/fukuoka/sc_fukuokashichuo/nc_75009820/
祖原公園ハウス　中古マンション,2790,41,地下鉄七隈線,別府,20,2LDK,66.62,福岡県福岡市早良区祖原,https://suumo.jp//ms/chuko/fukuoka/sc_fukuokashisawara/nc_74700284/
古河平丘台マンション,2880,53,地下鉄七隈線,薬院大通,12,2LDK+S（納戸）,100.29,福岡県福岡市中央区平尾３,https://suumo.jp//ms/chuko/fukuoka/sc_fukuokashichuo/nc_74964478/
ホワイティ薬院,2880,49,西鉄天神大牟田線,薬院,3,2LDK,68.67,福岡県福岡市中央区薬院１,https://suumo.jp//ms/chuko/fukuoka/sc_fukuokashichuo/nc_74951473/
ファーネスト荒江,2980,27,地下鉄七隈線,別府,18,3LDK,65.5,福岡県福岡市早良区荒江２,https://suumo.jp//ms/chuko/fukuoka/sc_fukuokashisawara/nc_74850544/
ロイヤルマンション西新Ⅱ,2980,29,地下鉄七隈線,別府,21,3LDK,63.52,福岡県福岡市早良区祖原,https://suumo.jp//ms/chuko/fukuoka/sc_fukuokashisawara/nc_73832849/
ライオンズマンション六本松　中古マンション,2990,38,地下鉄七隈線,桜坂,5,3LDK,70.29,福岡県福岡市中央区谷１,https://suumo.jp//ms/chuko/fukuoka/sc_fukuokashichuo/nc_74900124/
ダイアパレスグランステージ博多,2990,28,ＪＲ鹿児島本線,博多,17,2LDK,63.1,福岡県福岡市博多区美野島２,https://suumo.jp//ms/chuko/fukuoka/sc_fukuokashihakata/nc_73070446/
ライオンズマンション六本松,2990,31,地下鉄七隈線,桜坂,7,3LDK,70.29,福岡県福岡市中央区谷１,https://suumo.jp//ms/chuko/fukuoka/sc_fukuokashichuo/nc_74571628/
ライオンズマンション六本松,2990,38,地下鉄七隈線,桜坂,6,3LDK,70.29,福岡県福岡市中央区谷１,https://suumo.jp//ms/chuko/fukuoka/sc_fukuokashichuo/nc_74726080/
グリーンマンション西新,2999,37,地下鉄七隈線,別府,19,3LDK,66.67,福岡県福岡市早良区祖原,https://suumo.jp//ms/chuko/fukuoka/sc_fukuokashisawara/nc_74328964/
サンシャイン高宮駅前,3098,29,地下鉄七隈線,薬院,29,3LDK,64.15,福岡県福岡市南区野間１,https://suumo.jp//ms/chuko/fukuoka/sc_fukuokashiminami/nc_75005295/
第参参プリンスマンション城南,3198,38,地下鉄七隈線,別府,3,2LDK,65.65,福岡県福岡市城南区別府１,https://suumo.jp//ms/chuko/fukuoka/sc_fukuokashijonan/nc_74855321/
シティマンション大名,3200,37,地下鉄七隈線,薬院大通,12,3LDK,64.98,福岡県福岡市中央区大名１,https://suumo.jp//ms/chuko/fukuoka/sc_fukuokashichuo/nc_74249250/
エンゼルハイム大濠公園南,3200,34,地下鉄七隈線,別府,4,2LDK,69.03,福岡県福岡市城南区鳥飼６,https://suumo.jp//ms/chuko/fukuoka/sc_fukuokashijonan/nc_74770207/
サーパス別府,3330,38,地下鉄七隈線,別府,4,3LDK,68.26,福岡県福岡市城南区別府３,https://suumo.jp//ms/chuko/fukuoka/sc_fukuokashijonan/nc_74476175/
ダイアパレスグラン・ステージ博多　内装リフォーム済,3380,28,地下鉄空港線,博多,14,3LDK,63.1,福岡県福岡市博多区美野島２-7-16,https://suumo.jp//ms/chuko/fukuoka/sc_fukuokashihakata/nc_74859257/
クリオラヴェルディ博多,3390,5,ＪＲ鹿児島本線,博多,13,2LDK,43.36,福岡県福岡市博多区比恵町13-9,https://suumo.jp//ms/chuko/fukuoka/sc_fukuokashihakata/nc_74999189/
リファレンス天神南,3498,22,西鉄天神大牟田線,薬院,17,3LDK,62.44,福岡県福岡市中央区清川２,https://suumo.jp//ms/chuko/fukuoka/sc_fukuokashichuo/nc_74838280/
リファレンス天神南,3498,22,地下鉄七隈線,天神南,22,3LDK,62.44,福岡県福岡市中央区清川２,https://suumo.jp//ms/chuko/fukuoka/sc_fukuokashichuo/nc_73962941/
リファレンス天神南,3498,22,地下鉄七隈線,薬院,17,3LDK,62.44,福岡県福岡市中央区清川２,https://suumo.jp//ms/chuko/fukuoka/sc_fukuokashichuo/nc_73916726/
ソピア大濠西,3580,25,地下鉄七隈線,別府,15,2LDK+S（納戸）,69.33,福岡県福岡市中央区鳥飼３,https://suumo.jp//ms/chuko/fukuoka/sc_fukuokashichuo/nc_73441429/
パロスリバーコート博多壱番館,3680,26,ＪＲ鹿児島本線,博多,28,3LDK,73.56,福岡県福岡市博多区美野島４,https://suumo.jp//ms/chuko/fukuoka/sc_fukuokashihakata/nc_74525953/
東峰マンション渡辺通,3698,38,地下鉄七隈線,薬院,10,3LDK,74.94,福岡県福岡市中央区春吉２,https://suumo.jp//ms/chuko/fukuoka/sc_fukuokashichuo/nc_72086502/
東峰マンション渡辺通,3698,38,地下鉄七隈線,天神南,9,3LDK,70.98,福岡県福岡市中央区春吉２,https://suumo.jp//ms/chuko/fukuoka/sc_fukuokashichuo/nc_73963505/
東峰マンション渡辺通,3698,38,地下鉄七隈線,天神南,9,3LDK,70.98,福岡県福岡市中央区春吉２,https://suumo.jp//ms/chuko/fukuoka/sc_fukuokashichuo/nc_74478541/
東峰マンション渡辺通,3698,38,地下鉄七隈線,天神南,7,3LDK,70.98,福岡県福岡市中央区春吉２,https://suumo.jp//ms/chuko/fukuoka/sc_fukuokashichuo/nc_73180048/
グランフォーレ荒江サウステラス,3699,9,地下鉄七隈線,別府,24,3LDK,78.47,福岡県福岡市早良区飯倉２,https://suumo.jp//ms/chuko/fukuoka/sc_fukuokashisawara/nc_74105174/
トーカンマンション六本松,3700,28,地下鉄七隈線,六本松,2,3DK,74.74,福岡県福岡市中央区六本松４,https://suumo.jp//ms/chuko/fukuoka/sc_fukuokashichuo/nc_74882476/
アンピール輝国,3780,11,地下鉄七隈線,六本松,13,3LDK,78.11,福岡県福岡市中央区輝国２,https://suumo.jp//ms/chuko/fukuoka/sc_fukuokashichuo/nc_74659732/
アメックス博多ワンオーツープレミアム,3790,21,ＪＲ鹿児島本線,博多,13,2LDK,52.91,福岡県福岡市博多区住吉５-1-15,https://suumo.jp//ms/chuko/fukuoka/sc_fukuokashihakata/nc_74222755/
エクレール平尾　中古マンション,3790,28,西鉄天神大牟田線,薬院,9,4LDK,83.35,福岡県福岡市中央区平尾１,https://suumo.jp//ms/chuko/fukuoka/sc_fukuokashichuo/nc_74493316/
ライオンズマンション赤坂,3799,45,地下鉄七隈線,薬院大通,12,3LDK,78.98,福岡県福岡市中央区赤坂２-1-8,https://suumo.jp//ms/chuko/fukuoka/sc_fukuokashichuo/nc_74787934/
アルファライフ博多,3890,13,ＪＲ鹿児島本線,博多,11,3LDK,67.71,福岡県福岡市博多区住吉５,https://suumo.jp//ms/chuko/fukuoka/sc_fukuokashihakata/nc_73719593/
アルファライフ博多,3890,13,ＪＲ鹿児島本線,博多,13,3LDK,67.71,福岡県福岡市博多区住吉５,https://suumo.jp//ms/chuko/fukuoka/sc_fukuokashihakata/nc_74955127/
プレサンスロジェ博多駅北,3898,5,ＪＲ鹿児島本線,博多,21,3LDK,66.14,福岡県福岡市博多区吉塚３-16-12,https://suumo.jp//ms/chuko/fukuoka/sc_fukuokashihakata/nc_74891025/
プレサンスロジェ博多駅北,3898,5,ＪＲ鹿児島本線,博多,22,3LDK,66.14,福岡県福岡市博多区吉塚３-16-12,https://suumo.jp//ms/chuko/fukuoka/sc_fukuokashihakata/nc_74918871/
コモダス天神,3990,27,地下鉄七隈線,薬院大通,5,3LDK,72.24,福岡県福岡市中央区今泉２,https://suumo.jp//ms/chuko/fukuoka/sc_fukuokashichuo/nc_73526733/
コモダス天神,3990,27,地下鉄七隈線,薬院大通,7,3LDK,72.24,福岡県福岡市中央区今泉２,https://suumo.jp//ms/chuko/fukuoka/sc_fukuokashichuo/nc_72847387/
ロイヤルマンション六本松,4280,35,地下鉄七隈線,六本松,6,4LDK,87.12,福岡県福岡市中央区梅光園１,https://suumo.jp//ms/chuko/fukuoka/sc_fukuokashichuo/nc_74454156/
デュ・レジア薬院テラス,4470,2,地下鉄七隈線,薬院,12,2LDK,43.13,福岡県福岡市中央区高砂２,https://suumo.jp//ms/chuko/fukuoka/sc_fukuokashichuo/nc_74866083/
グランアルト天神タワー,4480,20,地下鉄七隈線,天神南,8,2LDK,55.68,福岡県福岡市中央区今泉２-5-19,https://suumo.jp//ms/chuko/fukuoka/sc_fukuokashichuo/nc_74779244/
鳥飼七丁目パーク・ホームズ,4490,25,地下鉄七隈線,別府,5,3LDK,70.01,福岡県福岡市城南区鳥飼７-1-5,https://suumo.jp//ms/chuko/fukuoka/sc_fukuokashijonan/nc_74496596/
イニシア鳥飼,4600,16,地下鉄七隈線,別府,16,2LDK+S（納戸）,78.28,福岡県福岡市中央区鳥飼３-12-26,https://suumo.jp//ms/chuko/fukuoka/sc_fukuokashichuo/nc_74964281/
アクロス博多セントラルパーク,4780,21,地下鉄空港線,博多,18,4LDK,102.05,福岡県福岡市博多区美野島３-20-1,https://suumo.jp//ms/chuko/fukuoka/sc_fukuokashihakata/nc_72523641/
モントーレ東比恵クレア,4990,5,ＪＲ鹿児島本線,博多,18,3LDK,71.49,福岡県福岡市博多区東比恵３,https://suumo.jp//ms/chuko/fukuoka/sc_fukuokashihakata/nc_74838709/
コアマンション桜坂プレジオ弐番館,5400,23,地下鉄七隈線,桜坂,3,2LDK,90.52,福岡県福岡市中央区六本松３,https://suumo.jp//ms/chuko/fukuoka/sc_fukuokashichuo/nc_74830459/
ライオンズマンションマキシム大濠,5580,27,地下鉄七隈線,六本松,10,3LDK,76.35,福岡県福岡市中央区大濠１,https://suumo.jp//ms/chuko/fukuoka/sc_fukuokashichuo/nc_73928972/
ラフォーレ赤坂ルネッサンス,5830,24,地下鉄七隈線,桜坂,8,2LDK,90.47,福岡県福岡市中央区赤坂３-11-37,https://suumo.jp//ms/chuko/fukuoka/sc_fukuokashichuo/nc_74441522/
MJR平尾駅前,6780,3,西鉄天神大牟田線,薬院,15,3LDK,73.3,福岡県福岡市中央区那の川２,https://suumo.jp//ms/chuko/fukuoka/sc_fukuokashichuo/nc_74534781/
ザ・パークハウス桜坂サンリヤン,7180,6,地下鉄七隈線,桜坂,2,3LDK,70.74,福岡県福岡市中央区桜坂３,https://suumo.jp//ms/chuko/fukuoka/sc_fukuokashichuo/nc_74604234/
アーバンパレスアクス大濠,7480,29,地下鉄七隈線,六本松,24,3LDK,96.31,福岡県福岡市中央区荒戸３,https://suumo.jp//ms/chuko/fukuoka/sc_fukuokashichuo/nc_73677892/
アプローズ薬院デュオイースト,7680,21,地下鉄七隈線,薬院大通,4,4LDK,100.14,福岡県福岡市中央区薬院２,https://suumo.jp//ms/chuko/fukuoka/sc_fukuokashichuo/nc_74483826/
MJR六本松,7800,7,地下鉄七隈線,六本松,2,3LDK+S（納戸）,80.71,福岡県福岡市中央区六本松４,https://suumo.jp//ms/chuko/fukuoka/sc_fukuokashichuo/nc_74126365/
コアマンションけやき通りプレジオ　1012号,16800,22,地下鉄七隈線,六本松,10,3LDK,150.4,福岡県福岡市中央区赤坂３,https://suumo.jp//ms/chuko/fukuoka/sc_fukuokashichuo/nc_74070175/
小笹ハイツ,580,46,地下鉄七隈線,桜坂,31,3LDK,69.97,福岡県福岡市中央区小笹１,https://suumo.jp//ms/chuko/fukuoka/sc_fukuokashichuo/nc_74375024/
ロイヤルマンション小笹,650,44,地下鉄七隈線,六本松,33,2DK,49.46,福岡県福岡市中央区小笹２-5-1,https://suumo.jp//ms/chuko/fukuoka/sc_fukuokashichuo/nc_73204941/
シティマンション輝国,700,40,地下鉄七隈線,桜坂,16,3DK,50.84,福岡県福岡市中央区輝国２,https://suumo.jp//ms/chuko/fukuoka/sc_fukuokashichuo/nc_73799736/
プレスランス・長丘,800,35,地下鉄七隈線,桜坂,40,2DK,41.37,福岡県福岡市南区長丘５-4-26,https://suumo.jp//ms/chuko/fukuoka/sc_fukuokashiminami/nc_74535465/
シャンボール桜坂,1080,50,地下鉄七隈線,桜坂,7,3DK,51.93,福岡県福岡市中央区古小烏町,https://suumo.jp//ms/chuko/fukuoka/sc_fukuokashichuo/nc_74961943/
三井飯倉ハイツ,1090,44,地下鉄七隈線,別府,25,4LDK,85.3,福岡県福岡市早良区飯倉２-10-38,https://suumo.jp//ms/chuko/fukuoka/sc_fukuokashisawara/nc_74428213/
朝日プラザ大濠Ⅱ,1200,40,地下鉄七隈線,六本松,3,2DK,44.28,福岡県福岡市中央区草香江１,https://suumo.jp//ms/chuko/fukuoka/sc_fukuokashichuo/nc_74583739/
福岡市南区高宮　藤和高宮コープ,1270,42,地下鉄七隈線,薬院,20,3LDK,70.0,福岡県福岡市南区高宮１-16-22,https://suumo.jp//ms/chuko/fukuoka/sc_fukuokashiminami/nc_74956955/
ライオンズマンション鳥飼第2,1290,41,地下鉄七隈線,別府,13,2DK,47.03,福岡県福岡市中央区鳥飼１,https://suumo.jp//ms/chuko/fukuoka/sc_fukuokashichuo/nc_74406943/
ライオンズマンション鳥飼第２,1290,41,地下鉄七隈線,別府,14,2DK,47.03,福岡県福岡市中央区鳥飼１,https://suumo.jp//ms/chuko/fukuoka/sc_fukuokashichuo/nc_73199007/
美野島シャトー,1320,51,ＪＲ鹿児島本線,博多,18,2LDK,50.52,福岡県福岡市博多区美野島３,https://suumo.jp//ms/chuko/fukuoka/sc_fukuokashihakata/nc_73770038/
ホワイティ薬院,1330,49,西鉄天神大牟田線,薬院,3,2DK,45.82,福岡県福岡市中央区薬院１,https://suumo.jp//ms/chuko/fukuoka/sc_fukuokashichuo/nc_74670010/
アンピール駅東,1380,41,ＪＲ鹿児島本線,博多,14,2LDK,56.15,福岡県福岡市博多区東光２,https://suumo.jp//ms/chuko/fukuoka/sc_fukuokashihakata/nc_74962097/
令和6年4月・リノベーション済み！ロワールマンション…,1399,42,地下鉄七隈線,別府,20,3LDK,67.71,福岡県福岡市早良区荒江２-7-10,https://suumo.jp//ms/chuko/fukuoka/sc_fukuokashisawara/nc_74762070/
ロワールマンション荒江,1399,42,地下鉄七隈線,別府,18,3LDK,67.71,福岡県福岡市早良区荒江２-７－１０,https://suumo.jp//ms/chuko/fukuoka/sc_fukuokashisawara/nc_74769886/
ロワールマンション荒江,1399,42,地下鉄七隈線,別府,21,3LDK,67.71,福岡県福岡市早良区荒江２,https://suumo.jp//ms/chuko/fukuoka/sc_fukuokashisawara/nc_74605620/
カーサ博多,1480,46,ＪＲ鹿児島本線,博多,13,2LDK,47.69,福岡県福岡市博多区住吉２-15-10,https://suumo.jp//ms/chuko/fukuoka/sc_fukuokashihakata/nc_74734238/
グランピア吉塚2,1490,40,ＪＲ鹿児島本線,博多,19,3DK,49.14,福岡県福岡市博多区吉塚２,https://suumo.jp//ms/chuko/fukuoka/sc_fukuokashihakata/nc_74519068/
エクセレンス谷,1500,45,地下鉄七隈線,桜坂,6,2LDK,57.23,福岡県福岡市中央区谷１,https://suumo.jp//ms/chuko/fukuoka/sc_fukuokashichuo/nc_73490079/
興栄マンション平尾,1550,44,地下鉄七隈線,薬院,9,2LDK+S（納戸）,67.89,福岡県福岡市中央区平尾１-１０番２号,https://suumo.jp//ms/chuko/fukuoka/sc_fukuokashichuo/nc_71322083/
グリーンハイツ平和,1580,46,地下鉄七隈線,桜坂,36,3LDK,85.2,福岡県福岡市南区平和４,https://suumo.jp//ms/chuko/fukuoka/sc_fukuokashiminami/nc_74807039/
グランピア薬院,1590,43,地下鉄七隈線,薬院大通,8,2LDK,56.7,福岡県福岡市中央区薬院２,https://suumo.jp//ms/chuko/fukuoka/sc_fukuokashichuo/nc_74486663/
パークハイム寺塚,1630,37,地下鉄七隈線,薬院大通,33,3LDK,72.23,福岡県福岡市南区寺塚２-30-23,https://suumo.jp//ms/chuko/fukuoka/sc_fukuokashiminami/nc_74615115/
ファミール飯倉,1680,41,地下鉄七隈線,別府,22,4LDK,82.75,福岡県福岡市早良区飯倉２,https://suumo.jp//ms/chuko/fukuoka/sc_fukuokashisawara/nc_74658014/
第3シャトー高宮,1680,52,西鉄天神大牟田線,薬院,23,2LDK,69.37,福岡県福岡市南区高宮２,https://suumo.jp//ms/chuko/fukuoka/sc_fukuokashiminami/nc_73603740/
ロワールマンション荒江,1680,42,地下鉄七隈線,別府,18,4LDK,82.29,福岡県福岡市早良区荒江２,https://suumo.jp//ms/chuko/fukuoka/sc_fukuokashisawara/nc_73526544/
マンション鳥飼,1680,51,地下鉄七隈線,六本松,17,2LDK,65.54,福岡県福岡市中央区鳥飼１,https://suumo.jp//ms/chuko/fukuoka/sc_fukuokashichuo/nc_73202401/
平尾ビル,1680,52,西鉄天神大牟田線,薬院,17,3LDK,66.07,福岡県福岡市中央区平尾２,https://suumo.jp//ms/chuko/fukuoka/sc_fukuokashichuo/nc_73183645/
長丘西公園ハウス,1680,44,地下鉄七隈線,桜坂,38,3LDK,79.92,福岡県福岡市南区長丘５,https://suumo.jp//ms/chuko/fukuoka/sc_fukuokashiminami/nc_74485522/
長丘西公園ハウス,1680,44,地下鉄七隈線,桜坂,38,3LDK+S（納戸）,85.24,福岡県福岡市南区長丘５,https://suumo.jp//ms/chuko/fukuoka/sc_fukuokashiminami/nc_74573164/
長丘西公園ハウス,1680,44,地下鉄七隈線,桜坂,39,3LDK,79.92,福岡県福岡市南区長丘５,https://suumo.jp//ms/chuko/fukuoka/sc_fukuokashiminami/nc_74681155/
長丘西公園ハウス,1680,44,地下鉄七隈線,桜坂,39,3LDK,79.92,福岡県福岡市南区長丘５,https://suumo.jp//ms/chuko/fukuoka/sc_fukuokashiminami/nc_74742607/
ハイライフ大濠,1680,42,地下鉄七隈線,六本松,9,4DK,66.78,福岡県福岡市中央区草香江２-12-4,https://suumo.jp//ms/chuko/fukuoka/sc_fukuokashichuo/nc_74723416/
アムール別府Ⅱ,1690,36,地下鉄七隈線,別府,11,3LDK,64.89,福岡県福岡市城南区別府７-8-31,https://suumo.jp//ms/chuko/fukuoka/sc_fukuokashijonan/nc_74914636/
朝日プラザ小笹,1690,39,地下鉄七隈線,桜坂,25,2LDK,64.63,福岡県福岡市中央区小笹３-16-8,https://suumo.jp//ms/chuko/fukuoka/sc_fukuokashichuo/nc_96518165/
アムール別府Ⅱ,1690,36,地下鉄七隈線,別府,11,3LDK,64.89,福岡県福岡市城南区別府７-8-31,https://suumo.jp//ms/chuko/fukuoka/sc_fukuokashijonan/nc_75013202/
アムール別府Ⅱ,1690,36,地下鉄七隈線,別府,11,3LDK,64.89,福岡県福岡市城南区別府７,https://suumo.jp//ms/chuko/fukuoka/sc_fukuokashijonan/nc_74852421/
アムール別府Ⅱ,1690,36,地下鉄七隈線,別府,10,3LDK,64.89,福岡県福岡市城南区別府７,https://suumo.jp//ms/chuko/fukuoka/sc_fukuokashijonan/nc_74976842/
笹の台住宅団地　2号棟,1698,50,地下鉄七隈線,桜坂,31,2LDK+S（納戸）,54.67,福岡県福岡市城南区長尾２,https://suumo.jp//ms/chuko/fukuoka/sc_fukuokashijonan/nc_74651294/
チサンマンション寺塚,1699,39,地下鉄七隈線,桜坂,41,4LDK,84.42,福岡県福岡市南区寺塚２-27-29,https://suumo.jp//ms/chuko/fukuoka/sc_fukuokashiminami/nc_73234673/
長尾グリーンハイツ,1700,35,地下鉄七隈線,別府,29,4LDK,86.24,福岡県福岡市城南区長尾１-１０,https://suumo.jp//ms/chuko/fukuoka/sc_fukuokashijonan/nc_74897808/
グランピア荒江Ⅱ,1780,42,地下鉄七隈線,別府,17,3LDK,66.37,福岡県福岡市城南区荒江１,https://suumo.jp//ms/chuko/fukuoka/sc_fukuokashijonan/nc_73745859/
サンブリック桜坂,1780,43,地下鉄七隈線,桜坂,7,3LDK,87.67,福岡県福岡市中央区谷２,https://suumo.jp//ms/chuko/fukuoka/sc_fukuokashichuo/nc_74971454/
ハイムニュー桜坂,1780,49,地下鉄七隈線,桜坂,4,2LDK,72.03,福岡県福岡市中央区桜坂３,https://suumo.jp//ms/chuko/fukuoka/sc_fukuokashichuo/nc_74446504/
マンション鳥飼,1790,51,地下鉄七隈線,六本松,17,2LDK,65.54,福岡県福岡市中央区鳥飼１-３－１９,https://suumo.jp//ms/chuko/fukuoka/sc_fukuokashichuo/nc_74537441/
ハイム白金,1800,45,地下鉄七隈線,薬院,4,3DK,66.44,福岡県福岡市中央区白金１,https://suumo.jp//ms/chuko/fukuoka/sc_fukuokashichuo/nc_74466172/
エステート・モア・白金Ⅱ,1800,36,地下鉄七隈線,薬院,10,2DK,46.75,福岡県福岡市中央区白金２,https://suumo.jp//ms/chuko/fukuoka/sc_fukuokashichuo/nc_74308748/
寺塚パークマンション,1800,42,地下鉄七隈線,薬院大通,33,4LDK,98.96,福岡県福岡市南区寺塚２-15‐16,https://suumo.jp//ms/chuko/fukuoka/sc_fukuokashiminami/nc_74946647/
ローレルハイツ高宮,1835,51,地下鉄七隈線,薬院,21,2LDK,60.5,福岡県福岡市南区大楠３-11-39,https://suumo.jp//ms/chuko/fukuoka/sc_fukuokashiminami/nc_73629067/
鳥飼リバーハイツ,1870,45,地下鉄七隈線,別府,10,2LDK,71.91,福岡県福岡市城南区鳥飼４,https://suumo.jp//ms/chuko/fukuoka/sc_fukuokashijonan/nc_73558860/
鳥飼リバーハイツ,1870,45,地下鉄七隈線,別府,10,2LDK,71.91,福岡県福岡市城南区鳥飼４,https://suumo.jp//ms/chuko/fukuoka/sc_fukuokashijonan/nc_74108549/
鳥飼リバーハイツ,1870,45,地下鉄七隈線,別府,10,2LDK,71.91,福岡県福岡市城南区鳥飼４,https://suumo.jp//ms/chuko/fukuoka/sc_fukuokashijonan/nc_73594028/
鳥飼リバーハイツ,1870,45,地下鉄七隈線,別府,10,2LDK,71.91,福岡県福岡市城南区鳥飼４,https://suumo.jp//ms/chuko/fukuoka/sc_fukuokashijonan/nc_74614046/
鳥飼リバーハイツ,1870,45,地下鉄七隈線,別府,10,2LDK,71.91,福岡県福岡市城南区鳥飼４,https://suumo.jp//ms/chuko/fukuoka/sc_fukuokashijonan/nc_73576373/
鳥飼リバーハイツ,1870,45,地下鉄七隈線,別府,10,2LDK+S（納戸）,71.91,福岡県福岡市城南区鳥飼４-3-30,https://suumo.jp//ms/chuko/fukuoka/sc_fukuokashijonan/nc_73519502/
鳥飼リバーハイツ,1870,45,地下鉄七隈線,別府,10,2LDK,71.91,福岡県福岡市城南区鳥飼４-3-30,https://suumo.jp//ms/chuko/fukuoka/sc_fukuokashijonan/nc_74503293/
鳥飼リバーハイツ　402,1870,45,地下鉄七隈線,別府,10,2LDK,71.91,福岡県福岡市城南区鳥飼４-3-30,https://suumo.jp//ms/chuko/fukuoka/sc_fukuokashijonan/nc_73636125/
鳥飼リバーハイツ,1870,45,地下鉄七隈線,別府,10,2LDK,71.91,福岡県福岡市城南区鳥飼４,https://suumo.jp//ms/chuko/fukuoka/sc_fukuokashijonan/nc_74839283/
ダイアパレス植物園南　壱番館,1880,36,地下鉄七隈線,桜坂,28,3LDK,61.8,福岡県福岡市中央区小笹５,https://suumo.jp//ms/chuko/fukuoka/sc_fukuokashichuo/nc_74633625/
グランピア吉塚Ⅱ,1880,40,ＪＲ篠栗線,博多,19,3LDK,57.33,福岡県福岡市博多区吉塚２-20-3,https://suumo.jp//ms/chuko/fukuoka/sc_fukuokashihakata/nc_74988133/
グランピア吉塚Ⅱ,1880,40,ＪＲ篠栗線,博多,19,3LDK,57.33,福岡県福岡市博多区吉塚２-20-3,https://suumo.jp//ms/chuko/fukuoka/sc_fukuokashihakata/nc_74964455/
アンピール美野島,1880,37,ＪＲ鹿児島本線,博多,18,2LDK,49.51,福岡県福岡市博多区美野島２,https://suumo.jp//ms/chuko/fukuoka/sc_fukuokashihakata/nc_74160117/
アンピール美野島,1880,38,地下鉄空港線,博多,15,2LDK,49.51,福岡県福岡市博多区美野島２-6-22,https://suumo.jp//ms/chuko/fukuoka/sc_fukuokashihakata/nc_73827019/
アンピール美野島,1880,37,ＪＲ鹿児島本線,博多,18,2LDK,49.51,福岡県福岡市博多区美野島２,https://suumo.jp//ms/chuko/fukuoka/sc_fukuokashihakata/nc_74455636/
ダイアパレス植物園南・壱番館,1880,36,地下鉄七隈線,桜坂,28,3LDK,65.8,福岡県福岡市中央区小笹５,https://suumo.jp//ms/chuko/fukuoka/sc_fukuokashichuo/nc_74988788/
グランピア吉塚2,1880,40,ＪＲ博多南線,博多,19,3LDK,57.33,福岡県福岡市博多区吉塚２,https://suumo.jp//ms/chuko/fukuoka/sc_fukuokashihakata/nc_74898350/
スカイタウン寺塚住宅、25号棟,1890,44,地下鉄七隈線,薬院大通,34,4LDK,96.12,福岡県福岡市南区寺塚２,https://suumo.jp//ms/chuko/fukuoka/sc_fukuokashiminami/nc_74549322/
スカイタウン寺塚,1890,44,地下鉄七隈線,薬院大通,37,4LDK,96.12,福岡県福岡市南区寺塚２-14-25,https://suumo.jp//ms/chuko/fukuoka/sc_fukuokashiminami/nc_74568537/
スカイタウン寺塚住宅　25号棟,1890,44,地下鉄七隈線,薬院大通,34,4LDK,96.12,福岡県福岡市南区寺塚２,https://suumo.jp//ms/chuko/fukuoka/sc_fukuokashiminami/nc_74594261/
エトワール博多,1900,47,ＪＲ鹿児島本線,博多,7,2DK,48.91,福岡県福岡市博多区博多駅前１,https://suumo.jp//ms/chuko/fukuoka/sc_fukuokashihakata/nc_74348833/
シャンボール桜坂,1920,50,地下鉄七隈線,桜坂,8,2LDK,51.93,福岡県福岡市中央区古小烏町,https://suumo.jp//ms/chuko/fukuoka/sc_fukuokashichuo/nc_75017788/
ロイヤルマンション小笹,1980,44,地下鉄七隈線,桜坂,29,2LDK,102.71,福岡県福岡市中央区小笹２,https://suumo.jp//ms/chuko/fukuoka/sc_fukuokashichuo/nc_70741637/
インペリアル平尾台,1980,49,西鉄天神大牟田線,薬院,13,2LDK,63.69,福岡県福岡市中央区平尾３,https://suumo.jp//ms/chuko/fukuoka/sc_fukuokashichuo/nc_73321324/
飯倉サンハイツB,1980,45,地下鉄七隈線,別府,20,4LDK+S（納戸）,85.61,福岡県福岡市早良区飯倉２-24-3,https://suumo.jp//ms/chuko/fukuoka/sc_fukuokashisawara/nc_72025260/
サンブリック桜坂,1980,43,地下鉄七隈線,桜坂,7,3LDK,87.67,福岡県福岡市中央区谷２-20-8,https://suumo.jp//ms/chuko/fukuoka/sc_fukuokashichuo/nc_74946648/
日商岩井福陵マンション,1980,50,地下鉄七隈線,別府,24,3LDK,75.6,福岡県福岡市早良区荒江３,https://suumo.jp//ms/chuko/fukuoka/sc_fukuokashisawara/nc_74245355/
福岡高宮マンション,1980,50,地下鉄七隈線,薬院大通,18,2LDK,52.2,福岡県福岡市南区市崎１,https://suumo.jp//ms/chuko/fukuoka/sc_fukuokashiminami/nc_73967383/
エクセレンス谷,1980,45,地下鉄七隈線,六本松,6,2LDK,54.82,福岡県福岡市中央区谷１,https://suumo.jp//ms/chuko/fukuoka/sc_fukuokashichuo/nc_73332028/
シティマンション平尾,1980,40,地下鉄七隈線,薬院,12,3DK,51.84,福岡県福岡市中央区平尾２,https://suumo.jp//ms/chuko/fukuoka/sc_fukuokashichuo/nc_74570841/
東峰マンションダーリングヒル友泉亭,1990,32,地下鉄七隈線,六本松,26,2LDK+S（納戸）,68.2,福岡県福岡市城南区友泉亭13-16,https://suumo.jp//ms/chuko/fukuoka/sc_fukuokashijonan/nc_75006552/
東峰マンション・ダーリングヒル友泉亭,1990,32,地下鉄七隈線,六本松,25,2LDK,68.2,福岡県福岡市城南区友泉亭13-16,https://suumo.jp//ms/chuko/fukuoka/sc_fukuokashijonan/nc_73883161/
東峰マンション・ダーリングヒル友泉亭,1990,32,地下鉄七隈線,別府,27,2LDK,68.2,福岡県福岡市城南区友泉亭,https://suumo.jp//ms/chuko/fukuoka/sc_fukuokashijonan/nc_74518932/
東峰マンション・ダーリングヒル友泉亭,1990,32,地下鉄七隈線,別府,27,2LDK,68.2,福岡県福岡市城南区友泉亭,https://suumo.jp//ms/chuko/fukuoka/sc_fukuokashijonan/nc_74461016/
ホワイティ薬院,1990,49,西鉄天神大牟田線,薬院,3,3LDK,65.03,福岡県福岡市中央区薬院１-6-5,https://suumo.jp//ms/chuko/fukuoka/sc_fukuokashichuo/nc_74086232/
東峰マンション・ダーリングヒル友泉亭,1990,32,地下鉄七隈線,六本松,25,2LDK,68.2,福岡県福岡市城南区友泉亭,https://suumo.jp//ms/chuko/fukuoka/sc_fukuokashijonan/nc_74951907/
東峰マンション・ダーリングヒル友泉亭,1990,32,地下鉄七隈線,六本松,25,2LDK,68.2,福岡県福岡市城南区友泉亭,https://suumo.jp//ms/chuko/fukuoka/sc_fukuokashijonan/nc_74422452/
東峰マンションダーリングヒル友泉亭,1990,32,地下鉄七隈線,別府,26,2LDK,68.2,福岡県福岡市城南区友泉亭,https://suumo.jp//ms/chuko/fukuoka/sc_fukuokashijonan/nc_73422943/
寺塚パークマンション,2000,42,地下鉄七隈線,薬院大通,33,4LDK,98.96,福岡県福岡市南区寺塚２-15‐16,https://suumo.jp//ms/chuko/fukuoka/sc_fukuokashiminami/nc_74946646/
シャンボール平尾,2080,45,西鉄天神大牟田線,薬院,16,2LDK,59.15,福岡県福岡市中央区平尾４,https://suumo.jp//ms/chuko/fukuoka/sc_fukuokashichuo/nc_73450986/
博多駅前ビル,2080,50,ＪＲ鹿児島本線,博多,5,2LDK,61.57,福岡県福岡市博多区博多駅前１,https://suumo.jp//ms/chuko/fukuoka/sc_fukuokashihakata/nc_73908285/
博多駅前ビル,2080,50,ＪＲ鹿児島本線,博多,6,2LDK,58.38,福岡県福岡市博多区博多駅前１-19-3,https://suumo.jp//ms/chuko/fukuoka/sc_fukuokashihakata/nc_74389163/
博多駅前ビル,2080,50,ＪＲ鹿児島本線,博多,4,2LDK,58.38,福岡県福岡市博多区博多駅前１,https://suumo.jp//ms/chuko/fukuoka/sc_fukuokashihakata/nc_72261128/
博多駅前ビル,2080,50,ＪＲ鹿児島本線,博多,7,3DK,61.57,福岡県福岡市博多区博多駅前１-19-3,https://suumo.jp//ms/chuko/fukuoka/sc_fukuokashihakata/nc_74042221/
コープ野村平尾山荘　中古マンション,2090,46,地下鉄七隈線,薬院大通,13,3LDK,73.65,福岡県福岡市中央区山荘通３-80,https://suumo.jp//ms/chuko/fukuoka/sc_fukuokashichuo/nc_73431696/
コープ野村平尾山荘,2090,46,地下鉄七隈線,薬院大通,13,3LDK,73.65,福岡県福岡市中央区山荘通３,https://suumo.jp//ms/chuko/fukuoka/sc_fukuokashichuo/nc_73700789/
笹丘パーク・マンション,2090,29,地下鉄七隈線,桜坂,42,3LDK,69.07,福岡県福岡市中央区笹丘３-20-6,https://suumo.jp//ms/chuko/fukuoka/sc_fukuokashichuo/nc_74541085/
コープ野村平尾山荘,2090,46,地下鉄七隈線,薬院大通,13,3LDK,73.65,福岡県福岡市中央区山荘通３,https://suumo.jp//ms/chuko/fukuoka/sc_fukuokashichuo/nc_73809756/
笹丘パーク・マンション　中古マンション,2090,29,地下鉄七隈線,六本松,28,3LDK,69.07,福岡県福岡市中央区笹丘３-20-6,https://suumo.jp//ms/chuko/fukuoka/sc_fukuokashichuo/nc_72611381/
コープ野村平尾山荘,2090,46,地下鉄七隈線,薬院大通,14,3LDK,73.65,福岡県福岡市中央区山荘通３-80,https://suumo.jp//ms/chuko/fukuoka/sc_fukuokashichuo/nc_75006551/
笹丘パーク・マンション,2090,29,地下鉄七隈線,桜坂,35,3LDK,69.07,福岡県福岡市中央区笹丘３,https://suumo.jp//ms/chuko/fukuoka/sc_fukuokashichuo/nc_74203871/
笹丘パーク・マンション,2090,29,地下鉄七隈線,六本松,28,3LDK,69.07,福岡県福岡市中央区笹丘３,https://suumo.jp//ms/chuko/fukuoka/sc_fukuokashichuo/nc_74135667/
コープ野村平尾山荘,2090,46,地下鉄七隈線,薬院大通,13,3LDK,73.65,福岡県福岡市中央区山荘通３,https://suumo.jp//ms/chuko/fukuoka/sc_fukuokashichuo/nc_74356437/
笹丘パーク・マンション,2090,29,地下鉄七隈線,六本松,28,3LDK,69.07,福岡県福岡市中央区笹丘３,https://suumo.jp//ms/chuko/fukuoka/sc_fukuokashichuo/nc_74928746/
コープ野村平尾山荘,2090,46,地下鉄七隈線,薬院大通,13,3LDK,73.65,福岡県福岡市中央区山荘通３,https://suumo.jp//ms/chuko/fukuoka/sc_fukuokashichuo/nc_73750897/
コアマンション植物園,2100,30,地下鉄七隈線,桜坂,10,2LDK,72.33,福岡県福岡市中央区小笹５,https://suumo.jp//ms/chuko/fukuoka/sc_fukuokashichuo/nc_74688676/
リーベスト小笹東棟,2150,28,地下鉄七隈線,桜坂,22,3LDK,69.3,福岡県福岡市中央区小笹４,https://suumo.jp//ms/chuko/fukuoka/sc_fukuokashichuo/nc_72392430/
チサンマンション博多５,2180,50,地下鉄七隈線,薬院大通,2,3LDK,66.57,福岡県福岡市中央区薬院４,https://suumo.jp//ms/chuko/fukuoka/sc_fukuokashichuo/nc_74697759/
アドリーム小笹南,2180,30,地下鉄七隈線,桜坂,34,4LDK,92.25,福岡県福岡市城南区長尾２,https://suumo.jp//ms/chuko/fukuoka/sc_fukuokashijonan/nc_72247300/
フォレックス桜坂,2180,37,地下鉄七隈線,桜坂,7,3LDK,76.22,福岡県福岡市中央区桜坂３,https://suumo.jp//ms/chuko/fukuoka/sc_fukuokashichuo/nc_72878025/
シティマンション薬院Ⅱ,2180,39,地下鉄七隈線,薬院,3,2LDK,48.6,福岡県福岡市中央区大宮１-1-12,https://suumo.jp//ms/chuko/fukuoka/sc_fukuokashichuo/nc_74245936/
スワローハイツ山荘通,2180,38,地下鉄七隈線,薬院大通,14,3LDK,79.27,福岡県福岡市中央区平尾４,https://suumo.jp//ms/chuko/fukuoka/sc_fukuokashichuo/nc_71893185/
荒江サンハイツ,2180,47,地下鉄七隈線,別府,18,3LDK,73.34,福岡県福岡市早良区荒江２-6-8,https://suumo.jp//ms/chuko/fukuoka/sc_fukuokashisawara/nc_74969258/
ライオンズマンションマキシム萩の宮,2190,43,西鉄天神大牟田線,薬院,23,2LDK+S（納戸）,62.49,福岡県福岡市南区高宮１,https://suumo.jp//ms/chuko/fukuoka/sc_fukuokashiminami/nc_74405962/
コープ野村平尾山荘,2190,46,地下鉄七隈線,桜坂,14,3LDK,73.65,福岡県福岡市中央区山荘通３-80,https://suumo.jp//ms/chuko/fukuoka/sc_fukuokashichuo/nc_73885684/
東峰マンション大濠,2190,47,地下鉄七隈線,六本松,12,2LDK,72.9,福岡県福岡市中央区鳥飼１,https://suumo.jp//ms/chuko/fukuoka/sc_fukuokashichuo/nc_74259207/
コープ野村平尾山荘,2190,46,地下鉄七隈線,薬院大通,15,3LDK,73.65,福岡県福岡市中央区山荘通３,https://suumo.jp//ms/chuko/fukuoka/sc_fukuokashichuo/nc_73597016/
ライオンズマンション高宮第5,2198,43,地下鉄七隈線,薬院,20,3LDK,61.44,福岡県福岡市南区高宮１-3-29,https://suumo.jp//ms/chuko/fukuoka/sc_fukuokashiminami/nc_73885829/
ライオンズマンション高宮第5,2198,43,地下鉄七隈線,薬院大通,22,3LDK,61.44,福岡県福岡市南区高宮１,https://suumo.jp//ms/chuko/fukuoka/sc_fukuokashiminami/nc_74323021/
ライオンズマンション高宮第５,2198,43,西鉄天神大牟田線,薬院,20,3LDK,65.16,福岡県福岡市南区高宮１,https://suumo.jp//ms/chuko/fukuoka/sc_fukuokashiminami/nc_73814086/
ライオンズマンション高宮第5,2198,43,地下鉄七隈線,薬院,20,3LDK,65.16,福岡県福岡市南区高宮１,https://suumo.jp//ms/chuko/fukuoka/sc_fukuokashiminami/nc_73818457/
ライオンズマンション高宮第５,2198,43,西鉄天神大牟田線,薬院,20,3LDK,61.44,福岡県福岡市南区高宮１,https://suumo.jp//ms/chuko/fukuoka/sc_fukuokashiminami/nc_74338202/
ライオンズマンション高宮第5,2198,43,西鉄天神大牟田線,薬院,20,3LDK,61.44,福岡県福岡市南区高宮１,https://suumo.jp//ms/chuko/fukuoka/sc_fukuokashiminami/nc_74646093/
ホワイトキャッスル城南,2200,36,地下鉄七隈線,別府,18,3LDK,71.96,福岡県福岡市城南区茶山６,https://suumo.jp//ms/chuko/fukuoka/sc_fukuokashijonan/nc_74743832/
ロワールマンション西公園３,2200,38,地下鉄七隈線,六本松,28,2LDK,50.67,福岡県福岡市中央区荒戸２,https://suumo.jp//ms/chuko/fukuoka/sc_fukuokashichuo/nc_74869725/
白亜館,2200,44,地下鉄七隈線,薬院,15,2LDK,68.04,福岡県福岡市中央区清川２,https://suumo.jp//ms/chuko/fukuoka/sc_fukuokashichuo/nc_70486828/
ホワイトキャッスル城南,2200,36,地下鉄七隈線,別府,18,3LDK,71.96,福岡県福岡市城南区茶山６-16-65,https://suumo.jp//ms/chuko/fukuoka/sc_fukuokashijonan/nc_74853551/
ホワイトキャッスル城南,2200,36,地下鉄七隈線,別府,17,3LDK,71.96,福岡県福岡市城南区茶山６,https://suumo.jp//ms/chuko/fukuoka/sc_fukuokashijonan/nc_74743244/
コアマンション小笹Ⅱ,2248,28,地下鉄七隈線,桜坂,34,3LDK,70.76,福岡県福岡市中央区小笹１,https://suumo.jp//ms/chuko/fukuoka/sc_fukuokashichuo/nc_72866585/
ライオンズマンション桜坂,2250,41,地下鉄七隈線,桜坂,4,2LDK+S（納戸）,66.56,福岡県福岡市中央区桜坂３,https://suumo.jp//ms/chuko/fukuoka/sc_fukuokashichuo/nc_74515518/
ライオンズマンション桜坂,2250,41,地下鉄七隈線,桜坂,6,2LDK+S（納戸）,66.56,福岡県福岡市中央区桜坂３,https://suumo.jp//ms/chuko/fukuoka/sc_fukuokashichuo/nc_96601396/
ライオンズマンション桜坂,2250,41,地下鉄七隈線,桜坂,4,2LDK+S（納戸）,66.56,福岡県福岡市中央区桜坂３-3-1,https://suumo.jp//ms/chuko/fukuoka/sc_fukuokashichuo/nc_74734841/
ベルヴィル輝国,2250,33,地下鉄七隈線,六本松,20,3LDK,87.4,福岡県福岡市中央区輝国２,https://suumo.jp//ms/chuko/fukuoka/sc_fukuokashichuo/nc_74543917/
サンハイツ平尾,2270,50,地下鉄七隈線,薬院,13,2LDK,61.51,福岡県福岡市中央区平尾２-9-8,https://suumo.jp//ms/chuko/fukuoka/sc_fukuokashichuo/nc_74834323/
サンハイツ平尾,2270,50,地下鉄七隈線,薬院,12,2LDK,61.51,福岡県福岡市中央区平尾２-9-8,https://suumo.jp//ms/chuko/fukuoka/sc_fukuokashichuo/nc_74807879/
サンハイツ平尾,2270,50,地下鉄七隈線,薬院,12,2LDK,61.51,福岡県福岡市中央区平尾２-9-8,https://suumo.jp//ms/chuko/fukuoka/sc_fukuokashichuo/nc_75006556/
サンハイツ平尾,2270,50,西鉄天神大牟田線,薬院,11,2LDK,61.51,福岡県福岡市中央区平尾２-9-8,https://suumo.jp//ms/chuko/fukuoka/sc_fukuokashichuo/nc_74795188/
サンハイツ平尾,2270,50,地下鉄七隈線,薬院,13,2LDK,54.77,福岡県福岡市中央区平尾２-９－８,https://suumo.jp//ms/chuko/fukuoka/sc_fukuokashichuo/nc_74988975/
サンハイツ平尾,2270,50,地下鉄七隈線,薬院,13,2LDK,61.51,福岡県福岡市中央区平尾２-9-8,https://suumo.jp//ms/chuko/fukuoka/sc_fukuokashichuo/nc_74936143/
サンハイツ平尾,2270,50,地下鉄七隈線,薬院大通,13,2LDK,61.51,福岡県福岡市中央区平尾２,https://suumo.jp//ms/chuko/fukuoka/sc_fukuokashichuo/nc_74829105/
サンハイツ平尾,2270,50,西鉄天神大牟田線,薬院,13,2LDK,61.51,福岡県福岡市中央区平尾２-9-8,https://suumo.jp//ms/chuko/fukuoka/sc_fukuokashichuo/nc_74794247/
サンハイツ平尾,2270,50,西鉄天神大牟田線,薬院,13,2LDK,61.51,福岡県福岡市中央区平尾２,https://suumo.jp//ms/chuko/fukuoka/sc_fukuokashichuo/nc_74810739/
サンハイツ平尾,2270,50,西鉄天神大牟田線,薬院,13,2LDK,61.51,福岡県福岡市中央区平尾２,https://suumo.jp//ms/chuko/fukuoka/sc_fukuokashichuo/nc_74857498/
サンハイツ平尾,2270,50,地下鉄七隈線,薬院,12,2LDK,61.51,福岡県福岡市中央区平尾２-9-8,https://suumo.jp//ms/chuko/fukuoka/sc_fukuokashichuo/nc_74798842/
サンハイツ平尾,2270,50,地下鉄七隈線,薬院大通,13,2LDK,61.51,福岡県福岡市中央区平尾２-9-8,https://suumo.jp//ms/chuko/fukuoka/sc_fukuokashichuo/nc_74824675/
サンハイツ平尾,2270,50,西鉄天神大牟田線,薬院,13,2LDK,61.51,福岡県福岡市中央区平尾２,https://suumo.jp//ms/chuko/fukuoka/sc_fukuokashichuo/nc_74802154/
サンハイツ平尾,2270,50,地下鉄七隈線,薬院,12,2LDK,61.51,福岡県福岡市中央区平尾２,https://suumo.jp//ms/chuko/fukuoka/sc_fukuokashichuo/nc_74911377/
朝日プラザ平尾,2280,42,地下鉄七隈線,薬院,11,3LDK,65.52,福岡県福岡市中央区平尾２,https://suumo.jp//ms/chuko/fukuoka/sc_fukuokashichuo/nc_74105844/
ミリオンコーポラスニュー白亜館,2290,44,地下鉄七隈線,薬院,14,2LDK,68.04,福岡県福岡市中央区清川２-2-23,https://suumo.jp//ms/chuko/fukuoka/sc_fukuokashichuo/nc_74390739/
ミリオンコーポラスニュー白亜館,2290,44,地下鉄七隈線,薬院,14,2LDK,68.04,福岡県福岡市中央区清川２,https://suumo.jp//ms/chuko/fukuoka/sc_fukuokashichuo/nc_74106648/
ミリオンコーポラスニュー白亜館,2290,44,西鉄天神大牟田線,薬院,15,2LDK,68.04,福岡県福岡市中央区清川２,https://suumo.jp//ms/chuko/fukuoka/sc_fukuokashichuo/nc_75017448/
ロイヤルマンション荒江,2290,39,地下鉄七隈線,別府,12,3LDK,66.96,福岡県福岡市城南区荒江１,https://suumo.jp//ms/chuko/fukuoka/sc_fukuokashijonan/nc_73364534/
ミリオンコーポラスニュー白亜館,2290,44,地下鉄七隈線,薬院,15,2LDK,68.04,福岡県福岡市中央区清川２-2-23,https://suumo.jp//ms/chuko/fukuoka/sc_fukuokashichuo/nc_74066900/
ミリオンコーポラスニュー白亜館,2290,44,西鉄天神大牟田線,薬院,14,2LDK,68.04,福岡県福岡市中央区清川２,https://suumo.jp//ms/chuko/fukuoka/sc_fukuokashichuo/nc_73980591/
ミリオンコーポラスニュー白亜館,2290,44,地下鉄七隈線,薬院,14,2LDK,68.04,福岡県福岡市中央区清川２-2-23,https://suumo.jp//ms/chuko/fukuoka/sc_fukuokashichuo/nc_73960536/
グランピア荒江,2290,44,地下鉄七隈線,別府,16,3LDK,80.77,福岡県福岡市早良区荒江２,https://suumo.jp//ms/chuko/fukuoka/sc_fukuokashisawara/nc_74935033/
ロイヤルマンション荒江,2290,39,地下鉄七隈線,別府,12,3LDK,66.96,福岡県福岡市城南区荒江１,https://suumo.jp//ms/chuko/fukuoka/sc_fukuokashijonan/nc_73800882/
ミリオンコーポラスニュー白亜館,2290,44,地下鉄七隈線,薬院,15,2LDK,68.04,福岡県福岡市中央区清川２-2-23,https://suumo.jp//ms/chuko/fukuoka/sc_fukuokashichuo/nc_74541139/
ミリオンコーポラスニュー白亜館,2290,44,地下鉄七隈線,薬院,14,2LDK,68.04,福岡県福岡市中央区清川２,https://suumo.jp//ms/chuko/fukuoka/sc_fukuokashichuo/nc_74925772/
ミリオンコーポラスニュー白亜館,2290,44,西鉄天神大牟田線,薬院,15,2LDK,68.04,福岡県福岡市中央区清川２,https://suumo.jp//ms/chuko/fukuoka/sc_fukuokashichuo/nc_74017609/
平尾パインマンション,2299,44,地下鉄七隈線,桜坂,23,3LDK,74.77,福岡県福岡市中央区平尾５-17-20,https://suumo.jp//ms/chuko/fukuoka/sc_fukuokashichuo/nc_74476427/
サンハイツ平尾,2300,50,西鉄天神大牟田線,薬院,13,2LDK,61.51,福岡県福岡市中央区平尾２,https://suumo.jp//ms/chuko/fukuoka/sc_fukuokashichuo/nc_74833266/
サンハイツ平尾,2300,50,西鉄天神大牟田線,薬院,13,2LDK,61.51,福岡県福岡市中央区平尾２,https://suumo.jp//ms/chuko/fukuoka/sc_fukuokashichuo/nc_74798470/
サンハイツ平尾,2300,50,地下鉄七隈線,薬院,12,2LDK,61.51,福岡県福岡市中央区平尾２,https://suumo.jp//ms/chuko/fukuoka/sc_fukuokashichuo/nc_74817251/
☆サンハイツ平尾,2300,50,西鉄天神大牟田線,薬院,13,2LDK,61.51,福岡県福岡市中央区平尾２,https://suumo.jp//ms/chuko/fukuoka/sc_fukuokashichuo/nc_74804312/
東峰マンション大宮,2330,46,地下鉄七隈線,薬院,8,2LDK,60.05,福岡県福岡市中央区大宮１-5号24番,https://suumo.jp//ms/chuko/fukuoka/sc_fukuokashichuo/nc_74599613/
東峰マンション大宮,2330,46,西鉄天神大牟田線,薬院,7,2LDK,60.05,福岡県福岡市中央区大宮１,https://suumo.jp//ms/chuko/fukuoka/sc_fukuokashichuo/nc_74982698/
ふよう駅東ハイツ,2380,42,ＪＲ鹿児島本線,博多,5,4DK,69.39,福岡県福岡市博多区博多駅東１,https://suumo.jp//ms/chuko/fukuoka/sc_fukuokashihakata/nc_74663300/
スコーレ高砂,2380,43,西鉄天神大牟田線,薬院,7,2LDK,87.78,福岡県福岡市中央区高砂１,https://suumo.jp//ms/chuko/fukuoka/sc_fukuokashichuo/nc_74671541/
ファミール別府,2380,41,地下鉄七隈線,別府,3,4LDK,81.0,福岡県福岡市城南区別府２,https://suumo.jp//ms/chuko/fukuoka/sc_fukuokashijonan/nc_71823583/
シャンボール第2平尾,2380,43,西鉄天神大牟田線,薬院,13,2LDK,71.0,福岡県福岡市中央区平尾２,https://suumo.jp//ms/chuko/fukuoka/sc_fukuokashichuo/nc_97079408/
シャンボール第２平尾,2380,43,西鉄天神大牟田線,薬院,13,3LDK,75.89,福岡県福岡市中央区平尾２,https://suumo.jp//ms/chuko/fukuoka/sc_fukuokashichuo/nc_74273953/
ロイヤルマンション浄水,2380,42,地下鉄七隈線,薬院大通,3,2LDK,63.77,福岡県福岡市中央区薬院４,https://suumo.jp//ms/chuko/fukuoka/sc_fukuokashichuo/nc_74629311/
◎シャンボール第2平尾,2380,43,西鉄天神大牟田線,薬院,13,3LDK,75.89,福岡県福岡市中央区平尾２,https://suumo.jp//ms/chuko/fukuoka/sc_fukuokashichuo/nc_74277613/
ロイヤルマンション荒江,2380,39,地下鉄七隈線,別府,12,3LDK,66.96,福岡県福岡市城南区荒江１,https://suumo.jp//ms/chuko/fukuoka/sc_fukuokashijonan/nc_74762446/
ファミール別府,2380,41,地下鉄七隈線,別府,3,4LDK,81.0,福岡県福岡市城南区別府２,https://suumo.jp//ms/chuko/fukuoka/sc_fukuokashijonan/nc_71944063/
シャンボール大濠,2390,46,地下鉄七隈線,別府,17,3LDK,74.88,福岡県福岡市中央区鳥飼３-１６－６,https://suumo.jp//ms/chuko/fukuoka/sc_fukuokashichuo/nc_74454569/
ミリオンコーポラスニュー白亜館,2390,44,西鉄天神大牟田線,薬院,15,2LDK,68.04,福岡県福岡市中央区清川２-2-23,https://suumo.jp//ms/chuko/fukuoka/sc_fukuokashichuo/nc_74495959/
シャンボール大濠,2390,46,地下鉄七隈線,別府,16,3LDK,74.88,福岡県福岡市中央区鳥飼３,https://suumo.jp//ms/chuko/fukuoka/sc_fukuokashichuo/nc_74522723/
シャンボール大濠,2390,46,地下鉄七隈線,別府,13,3LDK,74.88,福岡県福岡市中央区鳥飼３,https://suumo.jp//ms/chuko/fukuoka/sc_fukuokashichuo/nc_74008251/
シャンボール大濠,2390,46,地下鉄七隈線,別府,14,3LDK,74.88,福岡県福岡市中央区鳥飼３-16-6,https://suumo.jp//ms/chuko/fukuoka/sc_fukuokashichuo/nc_74390738/
シャンボール大濠,2390,46,地下鉄七隈線,別府,14,3LDK,74.88,福岡県福岡市中央区鳥飼３,https://suumo.jp//ms/chuko/fukuoka/sc_fukuokashichuo/nc_74443330/
シャンボール大濠,2390,46,地下鉄七隈線,別府,14,3LDK,74.88,福岡県福岡市中央区鳥飼３,https://suumo.jp//ms/chuko/fukuoka/sc_fukuokashichuo/nc_74092276/
シャンボール大濠,2390,46,地下鉄七隈線,別府,17,3LDK,74.88,福岡県福岡市中央区鳥飼３-16-6,https://suumo.jp//ms/chuko/fukuoka/sc_fukuokashichuo/nc_73725358/
シャンボール大濠,2390,46,地下鉄七隈線,別府,14,3LDK,74.88,福岡県福岡市中央区鳥飼３,https://suumo.jp//ms/chuko/fukuoka/sc_fukuokashichuo/nc_74927793/
シャンボール大濠,2390,46,地下鉄七隈線,別府,14,3LDK,74.88,福岡県福岡市中央区鳥飼３-16-6,https://suumo.jp//ms/chuko/fukuoka/sc_fukuokashichuo/nc_74721902/
シャンボール大濠,2390,46,地下鉄七隈線,別府,16,3LDK,74.88,福岡県福岡市中央区鳥飼３,https://suumo.jp//ms/chuko/fukuoka/sc_fukuokashichuo/nc_73977220/
グレイス博多,2398,44,ＪＲ鹿児島本線,博多,11,3LDK+S（納戸）,95.29,福岡県福岡市博多区博多駅東３,https://suumo.jp//ms/chuko/fukuoka/sc_fukuokashihakata/nc_73664181/
ベルヴィル南公園4階,2430,36,地下鉄七隈線,桜坂,23,3LDK,82.04,福岡県福岡市中央区小笹５-3－14,https://suumo.jp//ms/chuko/fukuoka/sc_fukuokashichuo/nc_74890996/
ベルヴィル南公園,2430,36,地下鉄七隈線,桜坂,20,3LDK,82.04,福岡県福岡市中央区小笹５,https://suumo.jp//ms/chuko/fukuoka/sc_fukuokashichuo/nc_73626335/
ベルヴィル南公園,2430,36,地下鉄七隈線,桜坂,20,3LDK,82.04,福岡県福岡市中央区小笹５,https://suumo.jp//ms/chuko/fukuoka/sc_fukuokashichuo/nc_73674050/
イトーピア博多マンション,2450,43,ＪＲ鹿児島本線,博多,13,2LDK,72.35,福岡県福岡市博多区博多駅南２,https://suumo.jp//ms/chuko/fukuoka/sc_fukuokashihakata/nc_98202482/
ネオハイツ大濠第２,2460,42,地下鉄七隈線,別府,10,3LDK,70.14,福岡県福岡市中央区鳥飼１,https://suumo.jp//ms/chuko/fukuoka/sc_fukuokashichuo/nc_74865314/
ライオンズマンション平尾,2480,45,地下鉄七隈線,薬院,14,3LDK,69.79,福岡県福岡市中央区平尾２-21-5,https://suumo.jp//ms/chuko/fukuoka/sc_fukuokashichuo/nc_74859637/
ライオンズマンション平和第2,2480,43,地下鉄七隈線,薬院大通,25,3LDK,83.08,福岡県福岡市中央区平和３,https://suumo.jp//ms/chuko/fukuoka/sc_fukuokashichuo/nc_74917117/
ライオンズマンション平尾,2480,45,地下鉄七隈線,薬院,13,3LDK,69.79,福岡県福岡市中央区平尾２,https://suumo.jp//ms/chuko/fukuoka/sc_fukuokashichuo/nc_74929921/
ライオンズマンション平和第２,2480,43,地下鉄七隈線,薬院大通,27,3LDK,83.08,福岡県福岡市中央区平和３,https://suumo.jp//ms/chuko/fukuoka/sc_fukuokashichuo/nc_72499109/
ネオハイツ南公園,2480,36,地下鉄七隈線,桜坂,12,3LDK,78.89,福岡県福岡市中央区谷２,https://suumo.jp//ms/chuko/fukuoka/sc_fukuokashichuo/nc_72566908/
ライオンズマンション桜坂,2490,41,地下鉄七隈線,桜坂,6,2LDK,66.56,福岡県福岡市中央区桜坂３,https://suumo.jp//ms/chuko/fukuoka/sc_fukuokashichuo/nc_74487193/
シャンボール大濠,2490,46,地下鉄七隈線,別府,15,3LDK,74.88,福岡県福岡市中央区鳥飼３,https://suumo.jp//ms/chuko/fukuoka/sc_fukuokashichuo/nc_74106647/
ニューライフ薬院,2490,38,西鉄天神大牟田線,薬院,3,2LDK,51.6,福岡県福岡市中央区薬院１,https://suumo.jp//ms/chuko/fukuoka/sc_fukuokashichuo/nc_71645426/
ライオンズマンション桜坂,2490,41,地下鉄七隈線,桜坂,7,2LDK,66.56,福岡県福岡市中央区桜坂３-3-1,https://suumo.jp//ms/chuko/fukuoka/sc_fukuokashichuo/nc_74859630/
シャンボール大濠,2498,46,地下鉄七隈線,別府,14,2LDK,72.49,福岡県福岡市中央区鳥飼３,https://suumo.jp//ms/chuko/fukuoka/sc_fukuokashichuo/nc_75021457/
ネオハイツ高宮,2499,43,西鉄天神大牟田線,薬院,19,3LDK,75.6,福岡県福岡市南区大楠２,https://suumo.jp//ms/chuko/fukuoka/sc_fukuokashiminami/nc_72078012/
東洋マンション駅南,2500,44,地下鉄空港線,博多,12,3LDK,73.53,福岡県福岡市博多区博多駅南２,https://suumo.jp//ms/chuko/fukuoka/sc_fukuokashihakata/nc_74114786/
ロマネスク博多駅前,2580,33,ＪＲ鹿児島本線,博多,10,3DK,63.63,福岡県福岡市博多区博多駅前４,https://suumo.jp//ms/chuko/fukuoka/sc_fukuokashihakata/nc_74609668/
プレジデント桜坂,2580,49,地下鉄七隈線,桜坂,4,2LDK,79.14,福岡県福岡市中央区谷１,https://suumo.jp//ms/chuko/fukuoka/sc_fukuokashichuo/nc_74612813/
藤和コープソシエ薬院,2580,40,地下鉄七隈線,薬院大通,4,3DK,60.52,福岡県福岡市中央区薬院２,https://suumo.jp//ms/chuko/fukuoka/sc_fukuokashichuo/nc_74412384/
渡辺通カステリア,2590,44,西鉄天神大牟田線,薬院,5,2LDK+S（納戸）,65.3,福岡県福岡市中央区渡辺通２,https://suumo.jp//ms/chuko/fukuoka/sc_fukuokashichuo/nc_72696890/
サーパス小笹第二,2680,25,地下鉄七隈線,六本松,23,3LDK,73.66,福岡県福岡市中央区小笹４-13-42,https://suumo.jp//ms/chuko/fukuoka/sc_fukuokashichuo/nc_74774788/
サーパス小笹第2,2680,25,地下鉄七隈線,桜坂,20,3LDK,73.66,福岡県福岡市中央区小笹４,https://suumo.jp//ms/chuko/fukuoka/sc_fukuokashichuo/nc_74830259/
コープ野村白金,2680,41,西鉄天神大牟田線,薬院,6,2LDK,59.11,福岡県福岡市中央区白金１,https://suumo.jp//ms/chuko/fukuoka/sc_fukuokashichuo/nc_74994714/
サーパス小笹第2,2680,25,地下鉄七隈線,六本松,22,3LDK,73.66,福岡県福岡市中央区小笹４,https://suumo.jp//ms/chuko/fukuoka/sc_fukuokashichuo/nc_74836102/
ヴィクトリア城南グレース,2680,28,地下鉄七隈線,別府,15,4LDK,87.08,福岡県福岡市城南区荒江１,https://suumo.jp//ms/chuko/fukuoka/sc_fukuokashijonan/nc_73789282/
高宮パークマンション,2690,46,地下鉄七隈線,薬院,22,4LDK,85.98,福岡県福岡市南区高宮２-10-1,https://suumo.jp//ms/chuko/fukuoka/sc_fukuokashiminami/nc_75006554/
ニューライフ薬院,2690,38,西鉄天神大牟田線,薬院,3,2LDK,51.6,福岡県福岡市中央区薬院１,https://suumo.jp//ms/chuko/fukuoka/sc_fukuokashichuo/nc_74462131/
高宮パークマンション,2690,46,地下鉄七隈線,薬院,25,4LDK,85.98,福岡県福岡市南区高宮２-１０－１,https://suumo.jp//ms/chuko/fukuoka/sc_fukuokashiminami/nc_74513489/
高宮パークマンション,2690,46,地下鉄七隈線,薬院,22,4LDK,85.98,福岡県福岡市南区高宮２-10-1,https://suumo.jp//ms/chuko/fukuoka/sc_fukuokashiminami/nc_74422651/
高宮パークマンション,2690,46,地下鉄七隈線,薬院,24,4LDK,85.98,福岡県福岡市南区高宮２-10-1,https://suumo.jp//ms/chuko/fukuoka/sc_fukuokashiminami/nc_74535543/
高宮パークマンション,2690,46,西鉄天神大牟田線,薬院,24,4LDK,85.98,福岡県福岡市南区高宮２,https://suumo.jp//ms/chuko/fukuoka/sc_fukuokashiminami/nc_74532671/
高宮パーク・マンション,2690,46,西鉄天神大牟田線,薬院,23,4LDK,85.98,福岡県福岡市南区高宮２-10-1,https://suumo.jp//ms/chuko/fukuoka/sc_fukuokashiminami/nc_74419415/
高宮パークマンション,2690,46,西鉄天神大牟田線,薬院,24,4LDK,85.98,福岡県福岡市南区高宮２,https://suumo.jp//ms/chuko/fukuoka/sc_fukuokashiminami/nc_74407378/
高宮パークマンション,2690,46,地下鉄七隈線,薬院,23,4LDK,85.98,福岡県福岡市南区高宮２-10-1,https://suumo.jp//ms/chuko/fukuoka/sc_fukuokashiminami/nc_74834371/
ロマネスク大名,2698,37,地下鉄七隈線,薬院大通,12,2LDK,57.96,福岡県福岡市中央区大名１-4-24,https://suumo.jp//ms/chuko/fukuoka/sc_fukuokashichuo/nc_74897539/
ロマネスク大名,2698,37,地下鉄七隈線,薬院大通,12,2LDK,57.96,福岡県福岡市中央区大名１-4-24,https://suumo.jp//ms/chuko/fukuoka/sc_fukuokashichuo/nc_74914637/
ロマネスク大名,2698,40,地下鉄七隈線,薬院大通,11,2LDK,57.96,福岡県福岡市中央区大名１,https://suumo.jp//ms/chuko/fukuoka/sc_fukuokashichuo/nc_74743833/
ロマネスク大名,2698,37,地下鉄七隈線,薬院大通,12,2LDK,57.96,福岡県福岡市中央区大名１,https://suumo.jp//ms/chuko/fukuoka/sc_fukuokashichuo/nc_74951883/
ロマネスク大名,2698,37,地下鉄七隈線,薬院大通,12,2LDK,57.96,福岡県福岡市中央区大名１-4-24,https://suumo.jp//ms/chuko/fukuoka/sc_fukuokashichuo/nc_74936196/
ロマネスク大名,2698,37,地下鉄七隈線,薬院大通,12,2LDK,57.96,福岡県福岡市中央区大名１-4-24,https://suumo.jp//ms/chuko/fukuoka/sc_fukuokashichuo/nc_74946578/
サンリヤン長丘,2699,18,地下鉄七隈線,桜坂,43,3LDK,72.0,福岡県福岡市南区長丘２,https://suumo.jp//ms/chuko/fukuoka/sc_fukuokashiminami/nc_73436556/
サンリヤン長丘,2699,18,地下鉄七隈線,桜坂,43,3LDK,72.0,福岡県福岡市南区長丘２,https://suumo.jp//ms/chuko/fukuoka/sc_fukuokashiminami/nc_74269006/
サンリヤン長丘　301,2699,18,地下鉄七隈線,桜坂,42,3LDK,72.0,福岡県福岡市南区長丘２-3-7,https://suumo.jp//ms/chuko/fukuoka/sc_fukuokashiminami/nc_73288007/
サンリヤン長丘,2699,18,地下鉄七隈線,桜坂,40,3LDK,72.0,福岡県福岡市南区長丘２-3-7,https://suumo.jp//ms/chuko/fukuoka/sc_fukuokashiminami/nc_74541088/
サンリヤン長丘,2699,18,地下鉄七隈線,桜坂,43,3LDK,72.0,福岡県福岡市南区長丘２-3-7,https://suumo.jp//ms/chuko/fukuoka/sc_fukuokashiminami/nc_73362085/
大濠ハイツ,2699,47,地下鉄七隈線,六本松,8,3LDK,71.28,福岡県福岡市中央区六本松３,https://suumo.jp//ms/chuko/fukuoka/sc_fukuokashichuo/nc_74858446/
アーベインルネス曙,2700,32,地下鉄七隈線,別府,15,3LDK,64.41,福岡県福岡市早良区曙１,https://suumo.jp//ms/chuko/fukuoka/sc_fukuokashisawara/nc_74419808/
◎サンリヤン長丘,2770,18,地下鉄七隈線,桜坂,43,3LDK,72.0,福岡県福岡市南区長丘２,https://suumo.jp//ms/chuko/fukuoka/sc_fukuokashiminami/nc_74068428/
スワローハイツ山荘通,2780,38,地下鉄七隈線,薬院大通,14,3LDK,74.5,福岡県福岡市中央区平尾４,https://suumo.jp//ms/chuko/fukuoka/sc_fukuokashichuo/nc_74670477/
ロイヤルマンション浄水,2780,42,地下鉄七隈線,薬院大通,3,2LDK,63.77,福岡県福岡市中央区薬院４,https://suumo.jp//ms/chuko/fukuoka/sc_fukuokashichuo/nc_74339947/
ファミール長丘,2780,26,地下鉄七隈線,桜坂,49,3LDK,72.7,福岡県福岡市南区長丘１,https://suumo.jp//ms/chuko/fukuoka/sc_fukuokashiminami/nc_74515286/
ダイアパレス平尾Ⅱ,2780,41,地下鉄七隈線,薬院,12,2LDK,55.62,福岡県福岡市中央区大宮２-4-23,https://suumo.jp//ms/chuko/fukuoka/sc_fukuokashichuo/nc_74956545/
ヴェルビュ高宮,2780,32,西鉄天神大牟田線,薬院,23,4LDK,99.76,福岡県福岡市南区高宮２,https://suumo.jp//ms/chuko/fukuoka/sc_fukuokashiminami/nc_74858807/
コアマンション小笹,2780,29,地下鉄七隈線,桜坂,24,4LDK,81.35,福岡県福岡市中央区小笹３-6-16,https://suumo.jp//ms/chuko/fukuoka/sc_fukuokashichuo/nc_73842385/
コアマンション小笹,2780,29,地下鉄七隈線,桜坂,23,3LDK,81.35,福岡県福岡市中央区小笹３,https://suumo.jp//ms/chuko/fukuoka/sc_fukuokashichuo/nc_74497347/
サンライフ六本松,2780,40,地下鉄七隈線,六本松,3,2LDK,60.48,福岡県福岡市中央区草香江２,https://suumo.jp//ms/chuko/fukuoka/sc_fukuokashichuo/nc_74986192/
ヴェルビュ高宮,2780,32,地下鉄七隈線,薬院,22,4LDK,99.76,福岡県福岡市南区高宮２,https://suumo.jp//ms/chuko/fukuoka/sc_fukuokashiminami/nc_74888031/
ロイヤルマンション浄水,2780,42,地下鉄七隈線,薬院大通,5,2LDK,63.77,福岡県福岡市中央区薬院４,https://suumo.jp//ms/chuko/fukuoka/sc_fukuokashichuo/nc_74427807/
コアマンション小笹,2780,29,地下鉄七隈線,桜坂,23,4LDK,81.35,福岡県福岡市中央区小笹３-6-16,https://suumo.jp//ms/chuko/fukuoka/sc_fukuokashichuo/nc_74188646/
ロイヤルマンション浄水,2780,42,地下鉄七隈線,薬院大通,3,2LDK,63.77,福岡県福岡市中央区薬院４,https://suumo.jp//ms/chuko/fukuoka/sc_fukuokashichuo/nc_74939345/
ベルヴィル輝国,2780,33,地下鉄七隈線,六本松,20,3LDK,72.51,福岡県福岡市中央区輝国２,https://suumo.jp//ms/chuko/fukuoka/sc_fukuokashichuo/nc_74471155/
サンライフ六本松,2780,40,地下鉄七隈線,六本松,4,2LDK,60.48,福岡県福岡市中央区草香江２,https://suumo.jp//ms/chuko/fukuoka/sc_fukuokashichuo/nc_74988372/
グランドール小笹,2790,32,地下鉄七隈線,桜坂,27,3LDK,93.35,福岡県福岡市中央区小笹３-20-18,https://suumo.jp//ms/chuko/fukuoka/sc_fukuokashichuo/nc_73392158/
祖原公園ハウス,2790,41,地下鉄七隈線,別府,20,2LDK,66.62,福岡県福岡市早良区祖原22-25,https://suumo.jp//ms/chuko/fukuoka/sc_fukuokashisawara/nc_74683971/
高宮パークマンション,2790,46,地下鉄七隈線,薬院,23,4LDK,85.98,福岡県福岡市南区高宮２,https://suumo.jp//ms/chuko/fukuoka/sc_fukuokashiminami/nc_74430701/
祖原公園ハウス,2790,41,地下鉄七隈線,別府,20,2LDK,66.62,福岡県福岡市早良区祖原,https://suumo.jp//ms/chuko/fukuoka/sc_fukuokashisawara/nc_74686318/
祖原公園ハウス,2790,41,地下鉄七隈線,別府,20,2LDK,66.62,福岡県福岡市早良区祖原22-25,https://suumo.jp//ms/chuko/fukuoka/sc_fukuokashisawara/nc_74825194/
コアマンション住吉,2790,30,地下鉄七隈線,薬院,16,2LDK,69.12,福岡県福岡市博多区住吉５-31-1,https://suumo.jp//ms/chuko/fukuoka/sc_fukuokashihakata/nc_74262220/
祖原公園ハウス,2790,41,地下鉄七隈線,別府,20,2LDK,66.62,福岡県福岡市早良区祖原22-25,https://suumo.jp//ms/chuko/fukuoka/sc_fukuokashisawara/nc_74717166/
祖原公園ハウス,2790,41,地下鉄七隈線,別府,19,2LDK,66.62,福岡県福岡市早良区祖原22-25,https://suumo.jp//ms/chuko/fukuoka/sc_fukuokashisawara/nc_74683851/
祖原公園ハウス,2790,41,地下鉄七隈線,別府,23,2LDK,66.62,福岡県福岡市早良区祖原２２－２５,https://suumo.jp//ms/chuko/fukuoka/sc_fukuokashisawara/nc_74797935/
祖原公園ハウス,2790,41,地下鉄七隈線,別府,22,2LDK,66.62,福岡県福岡市早良区祖原,https://suumo.jp//ms/chuko/fukuoka/sc_fukuokashisawara/nc_74771966/
ロマネスク大名,2798,40,地下鉄七隈線,薬院大通,11,2LDK,57.96,福岡県福岡市中央区大名１-４－２４,https://suumo.jp//ms/chuko/fukuoka/sc_fukuokashichuo/nc_74988998/
ロイヤルシャトー小笹,2798,24,地下鉄七隈線,桜坂,33,3LDK,88.32,福岡県福岡市中央区小笹２-10-25,https://suumo.jp//ms/chuko/fukuoka/sc_fukuokashichuo/nc_74739326/
ロマネスク大名,2798,37,地下鉄七隈線,薬院大通,12,2LDK,57.96,福岡県福岡市中央区大名１,https://suumo.jp//ms/chuko/fukuoka/sc_fukuokashichuo/nc_74896648/
ロイヤルシャトー小笹　中古マンション,2798,24,地下鉄七隈線,桜坂,32,3LDK,88.32,福岡県福岡市中央区小笹２-10-25,https://suumo.jp//ms/chuko/fukuoka/sc_fukuokashichuo/nc_73431709/
ロイヤルシャトー小笹703,2798,24,地下鉄七隈線,六本松,33,3LDK,88.32,福岡県福岡市中央区小笹２,https://suumo.jp//ms/chuko/fukuoka/sc_fukuokashichuo/nc_73254887/
チュリス薬院,2800,42,地下鉄七隈線,薬院,5,2LDK,64.4,福岡県福岡市中央区白金１-１－８,https://suumo.jp//ms/chuko/fukuoka/sc_fukuokashichuo/nc_74489308/
アクロス博多セントラルパーク,2800,21,ＪＲ鹿児島本線,博多,20,2LDK,60.53,福岡県福岡市博多区美野島３,https://suumo.jp//ms/chuko/fukuoka/sc_fukuokashihakata/nc_74890087/
朝日プラザ平尾,2850,42,地下鉄七隈線,薬院,11,2LDK,58.1,福岡県福岡市中央区平尾２,https://suumo.jp//ms/chuko/fukuoka/sc_fukuokashichuo/nc_74289318/
コスモ南公園,2880,18,地下鉄七隈線,桜坂,16,3LDK,65.95,福岡県福岡市中央区小笹４,https://suumo.jp//ms/chuko/fukuoka/sc_fukuokashichuo/nc_74189720/
ロワールマンション平尾,2880,39,地下鉄七隈線,薬院,16,2LDK,63.8,福岡県福岡市南区高宮１,https://suumo.jp//ms/chuko/fukuoka/sc_fukuokashiminami/nc_75013861/
ホワイティ薬院,2880,49,地下鉄七隈線,薬院,3,2LDK,68.67,福岡県福岡市中央区薬院１,https://suumo.jp//ms/chuko/fukuoka/sc_fukuokashichuo/nc_74888032/
ホワイティ薬院,2880,49,西鉄天神大牟田線,薬院,2,2LDK,68.67,福岡県福岡市中央区薬院１,https://suumo.jp//ms/chuko/fukuoka/sc_fukuokashichuo/nc_73735731/
ネオハイツ輝国,2880,34,地下鉄七隈線,六本松,14,3LDK,90.36,福岡県福岡市中央区輝国２,https://suumo.jp//ms/chuko/fukuoka/sc_fukuokashichuo/nc_73482911/
ホワイティ薬院,2880,49,西鉄天神大牟田線,薬院,3,2LDK,68.67,福岡県福岡市中央区薬院１,https://suumo.jp//ms/chuko/fukuoka/sc_fukuokashichuo/nc_74926272/
ロワールマンション平尾,2880,39,西鉄天神大牟田線,薬院,17,2LDK,63.8,福岡県福岡市南区高宮１,https://suumo.jp//ms/chuko/fukuoka/sc_fukuokashiminami/nc_74951539/
ライオンズマンション薬院第３,2880,44,西鉄天神大牟田線,薬院,5,2LDK,56.1,福岡県福岡市中央区薬院３,https://suumo.jp//ms/chuko/fukuoka/sc_fukuokashichuo/nc_74547641/
トーカンマンション今泉,2880,44,地下鉄七隈線,薬院,7,2LDK+S（納戸）,63.36,福岡県福岡市中央区今泉１-7-13,https://suumo.jp//ms/chuko/fukuoka/sc_fukuokashichuo/nc_74555886/
ネオハイツ輝国,2880,34,地下鉄七隈線,六本松,15,3LDK,90.36,福岡県福岡市中央区輝国２,https://suumo.jp//ms/chuko/fukuoka/sc_fukuokashichuo/nc_74090671/
第33プリンスマンション城南,2880,38,地下鉄七隈線,別府,2,3DK,65.65,福岡県福岡市城南区別府１-19-40,https://suumo.jp//ms/chuko/fukuoka/sc_fukuokashijonan/nc_74731336/
シャトレ平尾,2880,39,地下鉄七隈線,薬院,8,3LDK,76.25,福岡県福岡市中央区平尾１,https://suumo.jp//ms/chuko/fukuoka/sc_fukuokashichuo/nc_74570842/
ホルトハイム博多駅東,2880,28,ＪＲ鹿児島本線,博多,19,2LDK,69.24,福岡県福岡市博多区比恵町,https://suumo.jp//ms/chuko/fukuoka/sc_fukuokashihakata/nc_73576380/
アクロス天神ファーストステージ,2890,23,西鉄天神大牟田線,薬院,13,2LDK,60.25,福岡県福岡市中央区清川２,https://suumo.jp//ms/chuko/fukuoka/sc_fukuokashichuo/nc_74259480/
オリエントハイツ赤坂けやき通り,2900,36,地下鉄七隈線,桜坂,11,2LDK,71.52,福岡県福岡市中央区赤坂３,https://suumo.jp//ms/chuko/fukuoka/sc_fukuokashichuo/nc_74843545/
ネオハイツ輝国,2980,34,地下鉄七隈線,六本松,15,3LDK,90.36,福岡県福岡市中央区輝国２,https://suumo.jp//ms/chuko/fukuoka/sc_fukuokashichuo/nc_74154185/
薬院パークホームズ,2980,43,地下鉄七隈線,薬院大通,7,3LDK,84.4,福岡県福岡市中央区薬院２,https://suumo.jp//ms/chuko/fukuoka/sc_fukuokashichuo/nc_74950811/
薬院パークホームズ,2980,43,地下鉄七隈線,薬院大通,6,3LDK,84.4,福岡県福岡市中央区薬院２,https://suumo.jp//ms/chuko/fukuoka/sc_fukuokashichuo/nc_74519131/
スコーレ高砂,2980,43,西鉄天神大牟田線,薬院,5,3LDK,87.78,福岡県福岡市中央区高砂１,https://suumo.jp//ms/chuko/fukuoka/sc_fukuokashichuo/nc_74661332/
ネオハイツ輝国,2980,34,地下鉄七隈線,六本松,15,3LDK,90.36,福岡県福岡市中央区輝国２-8-25,https://suumo.jp//ms/chuko/fukuoka/sc_fukuokashichuo/nc_74889676/
スコーレ高砂,2980,43,西鉄天神大牟田線,薬院,6,3LDK,87.78,福岡県福岡市中央区高砂１,https://suumo.jp//ms/chuko/fukuoka/sc_fukuokashichuo/nc_73817159/
ダイアパレス白金,2980,41,地下鉄七隈線,薬院,5,2LDK,57.18,福岡県福岡市中央区白金１,https://suumo.jp//ms/chuko/fukuoka/sc_fukuokashichuo/nc_73410244/
山ノ上ハイツ,2980,46,地下鉄七隈線,桜坂,7,3LDK,100.25,福岡県福岡市中央区谷２,https://suumo.jp//ms/chuko/fukuoka/sc_fukuokashichuo/nc_73302568/
ミツワマンション高砂３,2980,42,西鉄天神大牟田線,薬院,9,3LDK,73.46,福岡県福岡市中央区高砂１,https://suumo.jp//ms/chuko/fukuoka/sc_fukuokashichuo/nc_74749878/
ライオンズマンション六本松,2990,38,地下鉄七隈線,桜坂,5,3LDK,70.29,福岡県福岡市中央区谷１,https://suumo.jp//ms/chuko/fukuoka/sc_fukuokashichuo/nc_72402952/
ライオンズマンション六本松,2990,38,地下鉄七隈線,桜坂,6,3LDK,70.29,福岡県福岡市中央区谷１,https://suumo.jp//ms/chuko/fukuoka/sc_fukuokashichuo/nc_72499976/
ライオンズマンション六本松,2990,38,地下鉄七隈線,桜坂,5,3LDK,70.29,福岡県福岡市中央区谷１-16-3,https://suumo.jp//ms/chuko/fukuoka/sc_fukuokashichuo/nc_74290823/
ライオンズマンション六本松,2990,38,地下鉄七隈線,桜坂,5,3LDK,70.29,福岡県福岡市中央区谷１,https://suumo.jp//ms/chuko/fukuoka/sc_fukuokashichuo/nc_73105131/
ライオンズマンション六本松,2990,38,地下鉄七隈線,桜坂,5,3LDK,70.29,福岡県福岡市中央区谷１,https://suumo.jp//ms/chuko/fukuoka/sc_fukuokashichuo/nc_72014200/
◎ライオンズマンション六本松,2990,38,地下鉄七隈線,桜坂,7,3LDK,70.29,福岡県福岡市中央区谷１,https://suumo.jp//ms/chuko/fukuoka/sc_fukuokashichuo/nc_74923329/
ライオンズマンション六本松,2990,38,地下鉄七隈線,桜坂,5,3LDK,70.29,福岡県福岡市中央区谷１-16-3,https://suumo.jp//ms/chuko/fukuoka/sc_fukuokashichuo/nc_74541083/
朝日プラザ六本松,2990,37,地下鉄七隈線,六本松,2,2LDK,58.48,福岡県福岡市中央区六本松２,https://suumo.jp//ms/chuko/fukuoka/sc_fukuokashichuo/nc_74670480/
ライオンズマンション六本松,2990,38,地下鉄七隈線,桜坂,5,3LDK,70.29,福岡県福岡市中央区谷１,https://suumo.jp//ms/chuko/fukuoka/sc_fukuokashichuo/nc_74928744/
ロマネスク薬院,2990,44,地下鉄七隈線,薬院大通,4,3LDK,75.15,福岡県福岡市中央区薬院４,https://suumo.jp//ms/chuko/fukuoka/sc_fukuokashichuo/nc_74962789/
ダイアパレス大名ガーデン,2990,37,地下鉄七隈線,薬院大通,11,2LDK,56.0,福岡県福岡市中央区大名１-9-11,https://suumo.jp//ms/chuko/fukuoka/sc_fukuokashichuo/nc_74984279/
ライオンズマンション六本松,2990,38,地下鉄七隈線,桜坂,6,3LDK,70.29,福岡県福岡市中央区谷１,https://suumo.jp//ms/chuko/fukuoka/sc_fukuokashichuo/nc_74058699/
ライオンズマンション六本松,2990,38,地下鉄七隈線,桜坂,5,3LDK,70.29,福岡県福岡市中央区谷１-16-3,https://suumo.jp//ms/chuko/fukuoka/sc_fukuokashichuo/nc_74722453/
グリーンマンション西新,2999,37,地下鉄七隈線,別府,19,3LDK,66.67,福岡県福岡市早良区祖原,https://suumo.jp//ms/chuko/fukuoka/sc_fukuokashisawara/nc_74429001/
グリーンマンション西新,2999,37,地下鉄七隈線,別府,17,3LDK,66.67,福岡県福岡市早良区祖原,https://suumo.jp//ms/chuko/fukuoka/sc_fukuokashisawara/nc_74403374/
リファレンス天神南,3000,22,地下鉄七隈線,薬院,15,2LDK,65.34,福岡県福岡市中央区清川２,https://suumo.jp//ms/chuko/fukuoka/sc_fukuokashichuo/nc_74857522/
ネオハイツ薬院,3080,38,西鉄天神大牟田線,薬院,5,2DK,69.3,福岡県福岡市中央区薬院３,https://suumo.jp//ms/chuko/fukuoka/sc_fukuokashichuo/nc_73936258/
ロマネスク桜坂ルネッサンス,3100,36,地下鉄七隈線,桜坂,9,3LDK,76.77,福岡県福岡市中央区谷２,https://suumo.jp//ms/chuko/fukuoka/sc_fukuokashichuo/nc_74944975/
赤坂パインマンション,3150,43,地下鉄七隈線,薬院大通,11,4LDK,86.1,福岡県福岡市中央区赤坂１,https://suumo.jp//ms/chuko/fukuoka/sc_fukuokashichuo/nc_74696391/
リスタ小笹,3180,21,地下鉄七隈線,六本松,28,3LDK,80.96,福岡県福岡市中央区小笹２,https://suumo.jp//ms/chuko/fukuoka/sc_fukuokashichuo/nc_74545697/
ファーネストヒルズ高宮インテルノ,3180,25,地下鉄七隈線,薬院,28,4LDK,86.84,福岡県福岡市南区高宮４,https://suumo.jp//ms/chuko/fukuoka/sc_fukuokashiminami/nc_74575412/
薬院パークホームズ,3180,43,地下鉄七隈線,薬院大通,6,4LDK,88.32,福岡県福岡市中央区薬院２,https://suumo.jp//ms/chuko/fukuoka/sc_fukuokashichuo/nc_74717519/
ロイヤルマンション笹丘Ⅱ,3180,37,地下鉄七隈線,六本松,18,4LDK,105.12,福岡県福岡市中央区笹丘１,https://suumo.jp//ms/chuko/fukuoka/sc_fukuokashichuo/nc_74866678/
ロイヤルマンション別府6,3190,30,地下鉄七隈線,別府,6,4LDK,81.19,福岡県福岡市城南区別府６,https://suumo.jp//ms/chuko/fukuoka/sc_fukuokashijonan/nc_74642162/
第参参プリンスマンション城南,3198,38,地下鉄七隈線,別府,2,2LDK,65.65,福岡県福岡市城南区別府１,https://suumo.jp//ms/chuko/fukuoka/sc_fukuokashijonan/nc_74877435/
シティマンション大名,3200,37,地下鉄七隈線,薬院大通,11,3LDK,64.98,福岡県福岡市中央区大名１,https://suumo.jp//ms/chuko/fukuoka/sc_fukuokashichuo/nc_73994895/
シティマンション大名,3200,37,地下鉄七隈線,薬院大通,12,3LDK,64.98,福岡県福岡市中央区大名１,https://suumo.jp//ms/chuko/fukuoka/sc_fukuokashichuo/nc_74095937/
ライオンズガーデンシティ鳥飼３番館,3200,26,地下鉄七隈線,別府,8,3LDK,75.33,福岡県福岡市城南区鳥飼４,https://suumo.jp//ms/chuko/fukuoka/sc_fukuokashijonan/nc_74350986/
アメックス平尾,3249,30,地下鉄七隈線,薬院大通,18,3LDK,65.3,福岡県福岡市南区高宮１-12-4,https://suumo.jp//ms/chuko/fukuoka/sc_fukuokashiminami/nc_73859814/
トーカンマンション今泉10,3250,44,西鉄天神大牟田線,薬院,8,3LDK,83.68,福岡県福岡市中央区今泉１,https://suumo.jp//ms/chuko/fukuoka/sc_fukuokashichuo/nc_74443767/
トーカンマンション今泉１０,3250,44,地下鉄七隈線,天神南,8,3LDK,83.68,福岡県福岡市中央区今泉１,https://suumo.jp//ms/chuko/fukuoka/sc_fukuokashichuo/nc_73552357/
トーカンマンション今泉10,3250,44,地下鉄七隈線,天神南,8,3LDK,83.68,福岡県福岡市中央区今泉１-7-13,https://suumo.jp//ms/chuko/fukuoka/sc_fukuokashichuo/nc_73396032/
トーカンマンション今泉１０,3250,44,地下鉄七隈線,天神南,6,3LDK,83.68,福岡県福岡市中央区今泉１,https://suumo.jp//ms/chuko/fukuoka/sc_fukuokashichuo/nc_74826776/
東峰マンシヨン博多駅・東,3280,39,地下鉄空港線,博多,9,3LDK+S（納戸）,83.14,福岡県福岡市博多区比恵町,https://suumo.jp//ms/chuko/fukuoka/sc_fukuokashihakata/nc_73627596/
シティハウス西新,3280,21,地下鉄七隈線,別府,18,3LDK,75.99,福岡県福岡市早良区城西３-14－17,https://suumo.jp//ms/chuko/fukuoka/sc_fukuokashisawara/nc_74301513/
シティオ博多,3290,28,ＪＲ鹿児島本線,博多,15,3LDK,70.56,福岡県福岡市博多区美野島３,https://suumo.jp//ms/chuko/fukuoka/sc_fukuokashihakata/nc_72277048/
シティオ博多,3290,28,地下鉄空港線,博多,16,3LDK,70.56,福岡県福岡市博多区美野島３,https://suumo.jp//ms/chuko/fukuoka/sc_fukuokashihakata/nc_72962403/
サーパス別府203　3LDK,3330,38,地下鉄七隈線,別府,4,3LDK,68.26,福岡県福岡市城南区別府３,https://suumo.jp//ms/chuko/fukuoka/sc_fukuokashijonan/nc_74519150/
サーパス別府,3330,38,地下鉄七隈線,別府,3,3LDK,68.26,福岡県福岡市城南区別府３,https://suumo.jp//ms/chuko/fukuoka/sc_fukuokashijonan/nc_74419453/
サーパス別府,3330,38,地下鉄七隈線,別府,5,3LDK,68.26,福岡県福岡市城南区別府３,https://suumo.jp//ms/chuko/fukuoka/sc_fukuokashijonan/nc_74297946/
藤和シティコープ鳥飼,3340,30,地下鉄七隈線,別府,13,3LDK,73.5,福岡県福岡市城南区鳥飼４,https://suumo.jp//ms/chuko/fukuoka/sc_fukuokashijonan/nc_73541875/
クリオラベルヴィ博多,3390,5,ＪＲ鹿児島本線,博多,14,2LDK,43.36,福岡県福岡市博多区比恵町,https://suumo.jp//ms/chuko/fukuoka/sc_fukuokashihakata/nc_74788084/
クリオラベルヴィ博多,3390,5,ＪＲ鹿児島本線,博多,15,2LDK,43.36,福岡県福岡市博多区比恵町,https://suumo.jp//ms/chuko/fukuoka/sc_fukuokashihakata/nc_74805205/
クリオラベルヴィ博多,3390,5,ＪＲ鹿児島本線,博多,15,2LDK,43.0,福岡県福岡市博多区比恵町,https://suumo.jp//ms/chuko/fukuoka/sc_fukuokashihakata/nc_74775911/
ガーデンハイツ大濠,3399,39,地下鉄七隈線,六本松,6,3LDK,72.25,福岡県福岡市中央区草香江１-7-9,https://suumo.jp//ms/chuko/fukuoka/sc_fukuokashichuo/nc_74227652/
エンゼルハイム別府,3480,26,地下鉄七隈線,別府,10,4LDK,85.67,福岡県福岡市城南区別府４,https://suumo.jp//ms/chuko/fukuoka/sc_fukuokashijonan/nc_73725010/
エンゼルハイム鳥飼,3480,36,地下鉄七隈線,別府,11,3LDK,74.43,福岡県福岡市城南区鳥飼６-18番17号,https://suumo.jp//ms/chuko/fukuoka/sc_fukuokashijonan/nc_74680446/
リファレンス天神南,3498,22,地下鉄七隈線,薬院,16,3LDK,62.44,福岡県福岡市中央区清川２-4-9,https://suumo.jp//ms/chuko/fukuoka/sc_fukuokashichuo/nc_74795520/
リファレンス天神南,3498,22,地下鉄七隈線,薬院,16,3LDK,62.44,福岡県福岡市中央区清川２-4-9,https://suumo.jp//ms/chuko/fukuoka/sc_fukuokashichuo/nc_73752959/
リファレンス天神南,3498,22,西鉄天神大牟田線,薬院,17,3LDK,62.44,福岡県福岡市中央区清川２,https://suumo.jp//ms/chuko/fukuoka/sc_fukuokashichuo/nc_73622266/
リファレンス天神南,3498,22,地下鉄七隈線,薬院,16,3LDK,62.44,福岡県福岡市中央区清川２,https://suumo.jp//ms/chuko/fukuoka/sc_fukuokashichuo/nc_74114453/
リファレンス天神南,3498,22,地下鉄七隈線,薬院,16,3LDK,62.44,福岡県福岡市中央区清川２-4-9,https://suumo.jp//ms/chuko/fukuoka/sc_fukuokashichuo/nc_74956544/
リファレンス天神南,3498,22,地下鉄七隈線,薬院,15,3LDK,62.44,福岡県福岡市中央区清川２-４－９,https://suumo.jp//ms/chuko/fukuoka/sc_fukuokashichuo/nc_74541135/
リファレンス天神南,3498,22,西鉄天神大牟田線,薬院,17,3LDK,65.32,福岡県福岡市中央区清川２,https://suumo.jp//ms/chuko/fukuoka/sc_fukuokashichuo/nc_73962993/
サーパス城南,3500,17,地下鉄七隈線,別府,15,3LDK,79.02,福岡県福岡市城南区田島１,https://suumo.jp//ms/chuko/fukuoka/sc_fukuokashijonan/nc_73737897/
イトーピア六本松,3500,30,地下鉄七隈線,六本松,7,3LDK,69.48,福岡県福岡市中央区六本松４-6-18,https://suumo.jp//ms/chuko/fukuoka/sc_fukuokashichuo/nc_74988832/
ダイアパレス　プライムコート薬院,3680,23,西鉄天神大牟田線,薬院,5,3LDK,64.45,福岡県福岡市中央区薬院３,https://suumo.jp//ms/chuko/fukuoka/sc_fukuokashichuo/nc_74364427/
東峰マンション渡辺通,3698,38,地下鉄七隈線,天神南,7,3LDK,70.98,福岡県福岡市中央区春吉２-16-15,https://suumo.jp//ms/chuko/fukuoka/sc_fukuokashichuo/nc_73736109/
東峰マンション渡辺通,3698,38,地下鉄七隈線,天神南,10,3LDK,74.94,福岡県福岡市中央区春吉２,https://suumo.jp//ms/chuko/fukuoka/sc_fukuokashichuo/nc_73959625/
東峰マンション渡辺通,3698,38,地下鉄七隈線,天神南,5,3LDK,70.98,福岡県福岡市中央区春吉２-16-15,https://suumo.jp//ms/chuko/fukuoka/sc_fukuokashichuo/nc_73485002/
東峰マンション渡辺通,3698,38,地下鉄七隈線,天神南,8,3LDK,70.98,福岡県福岡市中央区春吉２,https://suumo.jp//ms/chuko/fukuoka/sc_fukuokashichuo/nc_74122526/
東峰マンション渡辺通,3698,38,地下鉄七隈線,天神南,9,3LDK,70.98,福岡県福岡市中央区春吉２,https://suumo.jp//ms/chuko/fukuoka/sc_fukuokashichuo/nc_74410697/
東峰マンション渡辺通　中古マンション,3698,38,地下鉄七隈線,天神南,7,3LDK,70.98,福岡県福岡市中央区春吉２-16-15,https://suumo.jp//ms/chuko/fukuoka/sc_fukuokashichuo/nc_73431755/
東峰マンション渡辺通,3698,38,地下鉄七隈線,薬院,10,3LDK,70.98,福岡県福岡市中央区春吉２-16-15,https://suumo.jp//ms/chuko/fukuoka/sc_fukuokashichuo/nc_74964504/
東峰マンション渡辺通,3698,38,地下鉄七隈線,天神南,7,3LDK,74.94,福岡県福岡市中央区春吉２,https://suumo.jp//ms/chuko/fukuoka/sc_fukuokashichuo/nc_73404671/
東峰マンション渡辺通,3698,38,地下鉄七隈線,天神南,9,3LDK,70.98,福岡県福岡市中央区春吉２,https://suumo.jp//ms/chuko/fukuoka/sc_fukuokashichuo/nc_73709373/
東峰マンション渡辺通1104,3698,38,地下鉄七隈線,天神南,9,3LDK,70.98,福岡県福岡市中央区春吉２,https://suumo.jp//ms/chuko/fukuoka/sc_fukuokashichuo/nc_72625363/
ロイヤルアーク西新,3780,30,地下鉄七隈線,別府,13,4LDK,83.35,福岡県福岡市早良区城西２,https://suumo.jp//ms/chuko/fukuoka/sc_fukuokashisawara/nc_73915159/
グラン・コート薬院,3780,26,地下鉄七隈線,薬院,4,3LDK,68.04,福岡県福岡市中央区薬院１,https://suumo.jp//ms/chuko/fukuoka/sc_fukuokashichuo/nc_74953652/
シティマンション小笹,3780,36,地下鉄七隈線,桜坂,26,3LDK,112.2,福岡県福岡市中央区小笹２,https://suumo.jp//ms/chuko/fukuoka/sc_fukuokashichuo/nc_75018467/
アメックス博多ワンオーツープレミアム,3790,21,ＪＲ鹿児島本線,博多,12,2LDK,52.91,福岡県福岡市博多区住吉５,https://suumo.jp//ms/chuko/fukuoka/sc_fukuokashihakata/nc_74238552/
アメックス博多ワンオーツープレミアム,3790,21,ＪＲ鹿児島本線,博多,15,2LDK,52.91,福岡県福岡市博多区住吉５,https://suumo.jp//ms/chuko/fukuoka/sc_fukuokashihakata/nc_73624426/
アメックス博多ワンオーツープレミアム,3790,21,ＪＲ鹿児島本線,博多,13,2LDK,52.91,福岡県福岡市博多区住吉５,https://suumo.jp//ms/chuko/fukuoka/sc_fukuokashihakata/nc_74175489/
日商岩井今泉マンション,3790,50,西鉄天神大牟田線,薬院,8,2LDK,78.75,福岡県福岡市中央区今泉２,https://suumo.jp//ms/chuko/fukuoka/sc_fukuokashichuo/nc_74138143/
エクレール平尾,3790,28,地下鉄七隈線,薬院,8,4LDK,83.35,福岡県福岡市中央区平尾１,https://suumo.jp//ms/chuko/fukuoka/sc_fukuokashichuo/nc_74379373/
ライオンズマンシヨン赤坂,3799,45,地下鉄七隈線,桜坂,12,3LDK,78.98,福岡県福岡市中央区赤坂２,https://suumo.jp//ms/chuko/fukuoka/sc_fukuokashichuo/nc_74753284/
ライオンズマンション赤坂,3799,45,地下鉄七隈線,桜坂,13,3LDK,78.98,福岡県福岡市中央区赤坂２,https://suumo.jp//ms/chuko/fukuoka/sc_fukuokashichuo/nc_74976043/
ライオンズマンシヨン赤坂,3799,45,地下鉄七隈線,薬院大通,14,3LDK,78.98,福岡県福岡市中央区赤坂２,https://suumo.jp//ms/chuko/fukuoka/sc_fukuokashichuo/nc_74770490/
ライオンズマンション赤坂,3799,45,地下鉄七隈線,薬院大通,14,3LDK,78.98,福岡県福岡市中央区赤坂２-1-8,https://suumo.jp//ms/chuko/fukuoka/sc_fukuokashichuo/nc_74776790/
ライオンズマンシヨン赤坂,3799,45,地下鉄七隈線,薬院大通,13,3LDK,78.98,福岡県福岡市中央区赤坂２-1-8,https://suumo.jp//ms/chuko/fukuoka/sc_fukuokashichuo/nc_74798843/
ライオンズマンション赤坂　604号,3799,45,地下鉄七隈線,薬院大通,13,3LDK,78.98,福岡県福岡市中央区赤坂２,https://suumo.jp//ms/chuko/fukuoka/sc_fukuokashichuo/nc_74772884/
ライオンズマンシヨン赤坂　604,3799,45,地下鉄七隈線,薬院大通,13,3LDK,78.98,福岡県福岡市中央区赤坂２-1-8,https://suumo.jp//ms/chuko/fukuoka/sc_fukuokashichuo/nc_74796402/
トーカンマンション浄水通り,3800,37,地下鉄七隈線,薬院大通,3,3LDK,65.19,福岡県福岡市中央区薬院４,https://suumo.jp//ms/chuko/fukuoka/sc_fukuokashichuo/nc_74561483/
エンゼルハイム大濠公園南,3880,34,地下鉄七隈線,別府,4,3LDK,69.03,福岡県福岡市城南区鳥飼６,https://suumo.jp//ms/chuko/fukuoka/sc_fukuokashijonan/nc_75004035/
サーパス赤坂マスターズビュー,3880,11,地下鉄七隈線,六本松,8,2LDK,52.19,福岡県福岡市中央区六本松３,https://suumo.jp//ms/chuko/fukuoka/sc_fukuokashichuo/nc_73831607/
アルファライフ博多,3890,13,ＪＲ鹿児島本線,博多,14,3LDK,67.71,福岡県福岡市博多区住吉５,https://suumo.jp//ms/chuko/fukuoka/sc_fukuokashihakata/nc_74947507/
東急ドエルアルス博多ステーションサイド,3890,24,ＪＲ鹿児島本線,博多,13,3LDK,76.15,福岡県福岡市博多区比恵町,https://suumo.jp//ms/chuko/fukuoka/sc_fukuokashihakata/nc_74332431/
アーティックス大濠,3890,20,地下鉄七隈線,六本松,10,2LDK,71.43,福岡県福岡市中央区鳥飼１,https://suumo.jp//ms/chuko/fukuoka/sc_fukuokashichuo/nc_74128010/
プレサンスロジェ博多駅北,3898,5,ＪＲ鹿児島本線,博多,20,3LDK,66.14,福岡県福岡市博多区吉塚３,https://suumo.jp//ms/chuko/fukuoka/sc_fukuokashihakata/nc_74905826/
プレサンスロジェ博多駅北,3898,5,ＪＲ篠栗線,博多,20,3LDK,66.14,福岡県福岡市博多区吉塚３-16-12,https://suumo.jp//ms/chuko/fukuoka/sc_fukuokashihakata/nc_74921698/
プレサンスロジェ博多駅北,3898,5,ＪＲ鹿児島本線,博多,22,3LDK,66.14,福岡県福岡市博多区吉塚３-16-12,https://suumo.jp//ms/chuko/fukuoka/sc_fukuokashihakata/nc_74888306/
プレサンスロジェ博多駅北,3898,5,ＪＲ鹿児島本線,博多,20,3LDK,66.14,福岡県福岡市博多区吉塚３,https://suumo.jp//ms/chuko/fukuoka/sc_fukuokashihakata/nc_74888033/
薬院中央パーク・ホームズ　イーストコート,3980,27,地下鉄七隈線,薬院大通,3,3LDK,64.32,福岡県福岡市中央区薬院２,https://suumo.jp//ms/chuko/fukuoka/sc_fukuokashichuo/nc_74905051/
グレイスマンションけやき通り南,3980,28,地下鉄七隈線,薬院大通,8,3LDK,67.11,福岡県福岡市中央区警固２,https://suumo.jp//ms/chuko/fukuoka/sc_fukuokashichuo/nc_74769801/
シャンボール第２大濠,3980,45,地下鉄七隈線,六本松,14,3LDK,80.48,福岡県福岡市中央区大濠１-１２－２２,https://suumo.jp//ms/chuko/fukuoka/sc_fukuokashichuo/nc_74889788/
コモダス天神,3990,27,地下鉄七隈線,薬院大通,6,3LDK,72.24,福岡県福岡市中央区今泉２,https://suumo.jp//ms/chuko/fukuoka/sc_fukuokashichuo/nc_74581094/
コモダス天神,3990,27,地下鉄七隈線,薬院,6,3LDK,72.24,福岡県福岡市中央区今泉２-3-41,https://suumo.jp//ms/chuko/fukuoka/sc_fukuokashichuo/nc_73542550/
コモダス天神,3990,27,地下鉄七隈線,薬院大通,7,3LDK,72.24,福岡県福岡市中央区今泉２-3-41,https://suumo.jp//ms/chuko/fukuoka/sc_fukuokashichuo/nc_74581676/
コモダス天神,3990,27,西鉄天神大牟田線,薬院,6,3LDK,72.24,福岡県福岡市中央区今泉２,https://suumo.jp//ms/chuko/fukuoka/sc_fukuokashichuo/nc_73573350/
コモダス天神,3990,27,地下鉄七隈線,薬院大通,7,3LDK,72.24,福岡県福岡市中央区今泉２,https://suumo.jp//ms/chuko/fukuoka/sc_fukuokashichuo/nc_73526359/
コアマンション赤坂けやき,4050,26,地下鉄七隈線,桜坂,7,3LDK,83.67,福岡県福岡市中央区六本松３,https://suumo.jp//ms/chuko/fukuoka/sc_fukuokashichuo/nc_73135044/
アンピール・ラトゥール別府,4099,29,地下鉄七隈線,別府,3,3LDK,67.44,福岡県福岡市城南区別府３,https://suumo.jp//ms/chuko/fukuoka/sc_fukuokashijonan/nc_73817139/
アーバンパレスアクス大濠,4240,29,地下鉄七隈線,六本松,25,3LDK,72.48,福岡県福岡市中央区荒戸３,https://suumo.jp//ms/chuko/fukuoka/sc_fukuokashichuo/nc_73531297/
浄水通りパーク・ホームズ,4280,30,地下鉄七隈線,薬院大通,2,3LDK,62.54,福岡県福岡市中央区薬院４,https://suumo.jp//ms/chuko/fukuoka/sc_fukuokashichuo/nc_74372277/
浄水通りパーク・ホームズ,4280,30,地下鉄七隈線,薬院大通,2,3LDK,62.54,福岡県福岡市中央区薬院４-6-7,https://suumo.jp//ms/chuko/fukuoka/sc_fukuokashichuo/nc_74420044/
ロイヤルマンション六本松,4280,35,地下鉄七隈線,六本松,6,4LDK,87.12,福岡県福岡市中央区梅光園１,https://suumo.jp//ms/chuko/fukuoka/sc_fukuokashichuo/nc_74977703/
浄水通りパーク・ホームズ,4280,30,地下鉄七隈線,薬院大通,2,3LDK,62.54,福岡県福岡市中央区薬院４,https://suumo.jp//ms/chuko/fukuoka/sc_fukuokashichuo/nc_74371669/
アーバンパレスアクス大濠,4280,29,地下鉄七隈線,六本松,24,3LDK,72.48,福岡県福岡市中央区荒戸３-2-45,https://suumo.jp//ms/chuko/fukuoka/sc_fukuokashichuo/nc_74243943/
デュオヴェール薬院est,4350,3,西鉄天神大牟田線,薬院,7,2LDK,43.81,福岡県福岡市中央区高砂１,https://suumo.jp//ms/chuko/fukuoka/sc_fukuokashichuo/nc_74420371/
ライオンズ鳥飼ウエストフォート,4380,15,地下鉄七隈線,別府,10,3LDK,70.01,福岡県福岡市城南区鳥飼４,https://suumo.jp//ms/chuko/fukuoka/sc_fukuokashijonan/nc_74404915/
ライオンズマンション梅光園,4380,25,地下鉄七隈線,六本松,8,4LDK,93.31,福岡県福岡市中央区梅光園２,https://suumo.jp//ms/chuko/fukuoka/sc_fukuokashichuo/nc_74629373/
ティアラ薬院,4380,33,地下鉄七隈線,薬院大通,3,3LDK,100.84,福岡県福岡市中央区薬院２,https://suumo.jp//ms/chuko/fukuoka/sc_fukuokashichuo/nc_73891289/
ＴＯＨＯマンションスプラウト博多駅南,4400,18,ＪＲ鹿児島本線,博多,17,2LDK+S（納戸）,71.97,福岡県福岡市博多区博多駅南３,https://suumo.jp//ms/chuko/fukuoka/sc_fukuokashihakata/nc_74605651/
エンクレスト博多STYLE,4480,7,地下鉄空港線,博多,12,2LDK,57.45,福岡県福岡市博多区住吉３-8-30,https://suumo.jp//ms/chuko/fukuoka/sc_fukuokashihakata/nc_74459032/
コアマンション赤坂けやき,4480,26,地下鉄七隈線,桜坂,6,4LDK,85.72,福岡県福岡市中央区六本松３,https://suumo.jp//ms/chuko/fukuoka/sc_fukuokashichuo/nc_73965237/
鳥飼七丁目パーク・ホームズ,4490,25,地下鉄七隈線,別府,5,3LDK,70.01,福岡県福岡市城南区鳥飼７,https://suumo.jp//ms/chuko/fukuoka/sc_fukuokashijonan/nc_74522217/
鳥飼七丁目パーク・ホームズ,4490,25,地下鉄七隈線,別府,7,3LDK,70.01,福岡県福岡市城南区鳥飼７,https://suumo.jp//ms/chuko/fukuoka/sc_fukuokashijonan/nc_74538565/
鳥飼７丁目パーク・ホームズ,4490,25,地下鉄七隈線,別府,6,3LDK,70.01,福岡県福岡市城南区鳥飼７,https://suumo.jp//ms/chuko/fukuoka/sc_fukuokashijonan/nc_74687883/
鳥飼七丁目パーク・ホームズ,4490,25,地下鉄七隈線,別府,5,3LDK,70.01,福岡県福岡市城南区鳥飼７,https://suumo.jp//ms/chuko/fukuoka/sc_fukuokashijonan/nc_74734739/
プレサンスロジェ博多駅北,4580,5,地下鉄七隈線,博多,20,3LDK,70.14,福岡県福岡市博多区吉塚３-１６－１２,https://suumo.jp//ms/chuko/fukuoka/sc_fukuokashihakata/nc_74866381/
サンライフ六本松,4580,40,地下鉄七隈線,六本松,3,3LDK,81.11,福岡県福岡市中央区草香江２,https://suumo.jp//ms/chuko/fukuoka/sc_fukuokashichuo/nc_74778544/
サンライフ六本松,4580,40,地下鉄七隈線,六本松,3,3LDK,81.11,福岡県福岡市中央区草香江２,https://suumo.jp//ms/chuko/fukuoka/sc_fukuokashichuo/nc_73326753/
グランドメゾン高宮の邱,4680,15,西鉄天神大牟田線,薬院,24,3LDK,80.88,福岡県福岡市南区高宮２,https://suumo.jp//ms/chuko/fukuoka/sc_fukuokashiminami/nc_75006625/
大濠パークホームズ,4680,45,地下鉄七隈線,六本松,15,3LDK,97.33,福岡県福岡市中央区大濠２,https://suumo.jp//ms/chuko/fukuoka/sc_fukuokashichuo/nc_74791419/
ティアラ薬院,4680,33,地下鉄七隈線,薬院大通,3,2LDK,87.4,福岡県福岡市中央区薬院２,https://suumo.jp//ms/chuko/fukuoka/sc_fukuokashichuo/nc_74671558/
藤和平尾山荘ホームズ,4700,27,地下鉄七隈線,薬院大通,16,4LDK,95.48,福岡県福岡市中央区平尾４,https://suumo.jp//ms/chuko/fukuoka/sc_fukuokashichuo/nc_73955903/
サンメゾン西新,4750,4,地下鉄七隈線,別府,14,3LDK,68.04,福岡県福岡市早良区曙１,https://suumo.jp//ms/chuko/fukuoka/sc_fukuokashisawara/nc_72962314/
アートウィル赤坂,4780,30,地下鉄七隈線,桜坂,10,3LDK,85.54,福岡県福岡市中央区赤坂３,https://suumo.jp//ms/chuko/fukuoka/sc_fukuokashichuo/nc_74069417/
アクロス博多セントラルパーク,4780,21,地下鉄空港線,博多,18,4LDK,102.05,福岡県福岡市博多区美野島３-20-1,https://suumo.jp//ms/chuko/fukuoka/sc_fukuokashihakata/nc_74247546/
ファーネストプレミアムクラス平和,4980,11,地下鉄七隈線,薬院大通,20,3LDK,83.67,福岡県福岡市南区平和２,https://suumo.jp//ms/chuko/fukuoka/sc_fukuokashiminami/nc_74319492/
コスモ警固ロイヤルフォルム,4980,23,地下鉄七隈線,薬院大通,10,3LDK,66.18,福岡県福岡市中央区警固１-１３－１５,https://suumo.jp//ms/chuko/fukuoka/sc_fukuokashichuo/nc_74348936/
コスモ警固ロイヤルフォルム,4980,23,地下鉄七隈線,薬院大通,10,3LDK,66.18,福岡県福岡市中央区警固１,https://suumo.jp//ms/chuko/fukuoka/sc_fukuokashichuo/nc_74848551/
アクロス西新サウスレジオン,4980,6,地下鉄七隈線,別府,18,3LDK,84.75,福岡県福岡市早良区荒江２,https://suumo.jp//ms/chuko/fukuoka/sc_fukuokashisawara/nc_74669708/
デュ・レジア別府,5080,7,地下鉄七隈線,別府,8,2LDK,72.75,福岡県福岡市城南区別府４,https://suumo.jp//ms/chuko/fukuoka/sc_fukuokashijonan/nc_74819798/
アクロス西新サウスレジオン,5080,6,地下鉄七隈線,別府,18,3LDK,84.75,福岡県福岡市早良区荒江２,https://suumo.jp//ms/chuko/fukuoka/sc_fukuokashisawara/nc_74695471/
アルデ別府,5140,18,地下鉄七隈線,別府,4,4LDK,107.96,福岡県福岡市城南区別府１,https://suumo.jp//ms/chuko/fukuoka/sc_fukuokashijonan/nc_74307636/
ラフォーレ大濠公園702号室,5150,25,地下鉄七隈線,六本松,22,3LDK,80.94,福岡県福岡市中央区黒門5-23,https://suumo.jp//ms/chuko/fukuoka/sc_fukuokashichuo/nc_74762264/
サンメゾン西新,5180,4,地下鉄七隈線,別府,13,3LDK,71.01,福岡県福岡市早良区曙１,https://suumo.jp//ms/chuko/fukuoka/sc_fukuokashisawara/nc_74734733/
グレイスマンションけやき通り南,5180,28,地下鉄七隈線,薬院大通,9,4LDK,78.48,福岡県福岡市中央区警固２,https://suumo.jp//ms/chuko/fukuoka/sc_fukuokashichuo/nc_74339462/
グラン・コート薬院,5180,26,西鉄天神大牟田線,薬院,4,3LDK,80.12,福岡県福岡市中央区薬院１,https://suumo.jp//ms/chuko/fukuoka/sc_fukuokashichuo/nc_74933810/
サングレート別府の杜アルカンフォール,5200,14,地下鉄七隈線,別府,8,4LDK,87.87,福岡県福岡市城南区別府団地10-1,https://suumo.jp//ms/chuko/fukuoka/sc_fukuokashijonan/nc_74831601/
ネクサス薬院2丁目,5250,8,地下鉄七隈線,薬院大通,4,2LDK,56.63,福岡県福岡市中央区薬院２,https://suumo.jp//ms/chuko/fukuoka/sc_fukuokashichuo/nc_74974405/
サヴォイグランデヴィル,5300,16,ＪＲ鹿児島本線,博多,9,3LDK,80.18,福岡県福岡市博多区博多駅前３,https://suumo.jp//ms/chuko/fukuoka/sc_fukuokashihakata/nc_74889947/
オープンレジデンシア薬院二丁目,5400,1,地下鉄七隈線,薬院大通,3,2LDK,42.54,福岡県福岡市中央区薬院２,https://suumo.jp//ms/chuko/fukuoka/sc_fukuokashichuo/nc_74790923/
グランドメゾン大濠ＯＲＧＡ,5480,18,地下鉄七隈線,別府,10,2LDK+S（納戸）,89.37,福岡県福岡市中央区鳥飼１,https://suumo.jp//ms/chuko/fukuoka/sc_fukuokashichuo/nc_74421154/
コスモ平和ガーデンフォルム,5480,23,地下鉄七隈線,薬院大通,21,4LDK+S（納戸）,101.45,福岡県福岡市南区平和１,https://suumo.jp//ms/chuko/fukuoka/sc_fukuokashiminami/nc_74605907/
アクセス別府ステーション,5480,18,地下鉄七隈線,別府,4,4LDK,86.49,福岡県福岡市城南区別府４,https://suumo.jp//ms/chuko/fukuoka/sc_fukuokashijonan/nc_74162501/
天神ロイヤルガーデン,5500,26,地下鉄七隈線,薬院大通,7,4LDK,82.88,福岡県福岡市中央区今泉２,https://suumo.jp//ms/chuko/fukuoka/sc_fukuokashichuo/nc_74769802/
クレアコート六本松プレミアム,5680,15,地下鉄七隈線,六本松,5,2LDK,76.56,福岡県福岡市中央区六本松３,https://suumo.jp//ms/chuko/fukuoka/sc_fukuokashichuo/nc_74793428/
ライオンズマンション薬院浄水通り,5720,24,地下鉄七隈線,薬院大通,4,2LDK,75.3,福岡県福岡市中央区薬院４,https://suumo.jp//ms/chuko/fukuoka/sc_fukuokashichuo/nc_74999519/
ライオンズマンション薬院浄水通り,5720,24,地下鉄七隈線,薬院大通,4,3LDK,75.3,福岡県福岡市中央区薬院４,https://suumo.jp//ms/chuko/fukuoka/sc_fukuokashichuo/nc_75001815/
ラフォーレ赤坂ルネサンス,5830,24,地下鉄七隈線,桜坂,8,2LDK+S（納戸）,90.47,福岡県福岡市中央区赤坂３,https://suumo.jp//ms/chuko/fukuoka/sc_fukuokashichuo/nc_73859080/
ラフォーレ赤坂ルネッサンス,5830,24,地下鉄七隈線,桜坂,8,2LDK,90.47,福岡県福岡市中央区赤坂３,https://suumo.jp//ms/chuko/fukuoka/sc_fukuokashichuo/nc_74679719/
ラフォーレ赤坂ルネッサンス,5830,24,地下鉄七隈線,桜坂,8,2LDK,90.47,福岡県福岡市中央区赤坂３,https://suumo.jp//ms/chuko/fukuoka/sc_fukuokashichuo/nc_74448191/
ラフォーレ赤坂ルネッサンス,5830,24,地下鉄七隈線,桜坂,8,2LDK,90.47,福岡県福岡市中央区赤坂３-11-37,https://suumo.jp//ms/chuko/fukuoka/sc_fukuokashichuo/nc_74779580/
コアマンション桜坂プレジオ参番館,5880,23,地下鉄七隈線,桜坂,3,3LDK,97.26,福岡県福岡市中央区六本松３,https://suumo.jp//ms/chuko/fukuoka/sc_fukuokashichuo/nc_73987444/
アドリーム天神,5880,25,地下鉄七隈線,薬院大通,5,3LDK,93.46,福岡県福岡市中央区今泉２,https://suumo.jp//ms/chuko/fukuoka/sc_fukuokashichuo/nc_74852718/
オーヴィジョン六本松,5900,3,地下鉄七隈線,六本松,6,2LDK,68.0,福岡県福岡市中央区谷２,https://suumo.jp//ms/chuko/fukuoka/sc_fukuokashichuo/nc_71503871/
ファーネスト西新レジデンス,5980,5,地下鉄七隈線,別府,14,3LDK+S（納戸）,76.13,福岡県福岡市早良区城西２,https://suumo.jp//ms/chuko/fukuoka/sc_fukuokashisawara/nc_74796938/
ザ・パークハウス桜坂サンリヤン,6060,6,地下鉄七隈線,桜坂,3,3LDK,65.76,福岡県福岡市中央区桜坂３,https://suumo.jp//ms/chuko/fukuoka/sc_fukuokashichuo/nc_73476778/
ファーネスト西新レジデンス,6150,5,地下鉄七隈線,別府,13,3LDK,76.13,福岡県福岡市早良区城西２,https://suumo.jp//ms/chuko/fukuoka/sc_fukuokashisawara/nc_73865843/
アダージュ薬院弐番館,6200,21,地下鉄七隈線,薬院大通,3,3LDK,89.48,福岡県福岡市中央区薬院２,https://suumo.jp//ms/chuko/fukuoka/sc_fukuokashichuo/nc_75012184/
ロイヤルヒルズ笹丘,6200,34,地下鉄七隈線,桜坂,34,3LDK+S（納戸）,163.88,福岡県福岡市中央区笹丘３-20-8,https://suumo.jp//ms/chuko/fukuoka/sc_fukuokashichuo/nc_97675876/
アダージュ薬院弐番館,6200,21,地下鉄七隈線,薬院大通,2,3LDK,89.48,福岡県福岡市中央区薬院２,https://suumo.jp//ms/chuko/fukuoka/sc_fukuokashichuo/nc_75009389/
ザ・パークハウス桜坂サンリヤン,6250,6,地下鉄七隈線,桜坂,3,3LDK,75.95,福岡県福岡市中央区桜坂３,https://suumo.jp//ms/chuko/fukuoka/sc_fukuokashichuo/nc_72850373/
オープンレジデンシア平尾市崎,6280,2,西鉄天神大牟田線,薬院,16,3LDK,66.0,福岡県福岡市南区市崎１,https://suumo.jp//ms/chuko/fukuoka/sc_fukuokashiminami/nc_74784625/
グランドメゾン六本松,6280,23,地下鉄七隈線,六本松,3,2LDK,88.09,福岡県福岡市中央区六本松４,https://suumo.jp//ms/chuko/fukuoka/sc_fukuokashichuo/nc_74697757/
サンリヤン薬院,6380,24,地下鉄七隈線,薬院大通,4,4LDK,87.69,福岡県福岡市中央区薬院２,https://suumo.jp//ms/chuko/fukuoka/sc_fukuokashichuo/nc_74657225/
オーヴィジョン六本松レジデンス,6480,1,地下鉄七隈線,六本松,7,3LDK,80.04,福岡県福岡市中央区六本松３,https://suumo.jp//ms/chuko/fukuoka/sc_fukuokashichuo/nc_73908276/
ジオ・イニシア博多駅前,6480,15,ＪＲ鹿児島本線,博多,8,4LDK,80.9,福岡県福岡市博多区博多駅前４-30,https://suumo.jp//ms/chuko/fukuoka/sc_fukuokashihakata/nc_73899929/
ウェリスサンリヤン薬院,6480,11,西鉄天神大牟田線,薬院,6,3LDK,80.59,福岡県福岡市中央区大宮１,https://suumo.jp//ms/chuko/fukuoka/sc_fukuokashichuo/nc_74715356/
ジオ・イニシア博多駅前,6480,15,ＪＲ鹿児島本線,博多,11,4LDK,80.9,福岡県福岡市博多区博多駅前４,https://suumo.jp//ms/chuko/fukuoka/sc_fukuokashihakata/nc_71224403/
アメックス大濠,6500,20,地下鉄七隈線,別府,18,2LDK,85.53,福岡県福岡市中央区今川２-7-30,https://suumo.jp//ms/chuko/fukuoka/sc_fukuokashichuo/nc_74534186/
MJR桜坂二丁目,6500,14,地下鉄七隈線,桜坂,4,4LDK,90.19,福岡県福岡市中央区桜坂２,https://suumo.jp//ms/chuko/fukuoka/sc_fukuokashichuo/nc_74688047/
アンピール輝国,6500,11,地下鉄七隈線,六本松,17,3LDK,120.48,福岡県福岡市中央区輝国２,https://suumo.jp//ms/chuko/fukuoka/sc_fukuokashichuo/nc_74740999/
MJR平尾駅前,6780,3,地下鉄七隈線,薬院,15,3LDK,73.3,福岡県福岡市中央区那の川２-11－1,https://suumo.jp//ms/chuko/fukuoka/sc_fukuokashichuo/nc_73811756/
大濠シティハウス,6980,25,地下鉄七隈線,六本松,16,3LDK,98.84,福岡県福岡市中央区今川１,https://suumo.jp//ms/chuko/fukuoka/sc_fukuokashichuo/nc_72631225/
オーヴィジョン六本松レジデンス,6990,1,地下鉄七隈線,六本松,7,3LDK,80.04,福岡県福岡市中央区六本松３,https://suumo.jp//ms/chuko/fukuoka/sc_fukuokashichuo/nc_74143997/
グランドメゾン草香江テラス,7200,12,地下鉄七隈線,六本松,5,3LDK+S（納戸）,103.0,福岡県福岡市中央区草香江２,https://suumo.jp//ms/chuko/fukuoka/sc_fukuokashichuo/nc_74605362/
グランドメゾン大濠南,7200,23,地下鉄七隈線,六本松,3,4LDK,109.79,福岡県福岡市中央区草香江２,https://suumo.jp//ms/chuko/fukuoka/sc_fukuokashichuo/nc_74793971/
サングレート薬院駅ロイヤルウィン,7280,21,西鉄天神大牟田線,薬院,4,3LDK,98.57,福岡県福岡市中央区平尾１,https://suumo.jp//ms/chuko/fukuoka/sc_fukuokashichuo/nc_74961598/
ＪＱ浄水東通り,7380,18,地下鉄七隈線,薬院大通,5,4LDK,95.3,福岡県福岡市中央区薬院４,https://suumo.jp//ms/chuko/fukuoka/sc_fukuokashichuo/nc_74734745/
アーバンパレスアクス大濠,7480,29,地下鉄七隈線,六本松,25,3LDK,96.31,福岡県福岡市中央区荒戸３,https://suumo.jp//ms/chuko/fukuoka/sc_fukuokashichuo/nc_75016947/
アプローズ薬院デュオイースト,7680,21,地下鉄七隈線,薬院大通,4,4LDK,100.14,福岡県福岡市中央区薬院２,https://suumo.jp//ms/chuko/fukuoka/sc_fukuokashichuo/nc_74653649/
ネクサス薬院,7980,9,地下鉄七隈線,薬院大通,4,3LDK,78.92,福岡県福岡市中央区薬院１,https://suumo.jp//ms/chuko/fukuoka/sc_fukuokashichuo/nc_73742555/
ザ・パークハウス桜坂サンリヤン,8250,6,地下鉄七隈線,桜坂,3,4LDK,84.98,福岡県福岡市中央区桜坂３,https://suumo.jp//ms/chuko/fukuoka/sc_fukuokashichuo/nc_74858445/
コアマンション桜坂プレジオ壱番館,8900,23,地下鉄七隈線,桜坂,4,4LDK+S（納戸）,144.6,福岡県福岡市中央区六本松３,https://suumo.jp//ms/chuko/fukuoka/sc_fukuokashichuo/nc_74985208/
大濠公園パーク・マンション,9100,33,地下鉄七隈線,六本松,12,4LDK+S（納戸）,187.14,福岡県福岡市中央区鳥飼２,https://suumo.jp//ms/chuko/fukuoka/sc_fukuokashichuo/nc_73703021/
コアマンションけやき通りプレジオ,9480,22,地下鉄七隈線,六本松,10,4LDK,133.37,福岡県福岡市中央区赤坂３,https://suumo.jp//ms/chuko/fukuoka/sc_fukuokashichuo/nc_73852382/
ＭＪＲ六本松,11000,7,地下鉄七隈線,六本松,2,4LDK,97.18,福岡県福岡市中央区六本松４,https://suumo.jp//ms/chuko/fukuoka/sc_fukuokashichuo/nc_74753805/
グランドメゾン浄水ガーデンシティ　フォレストゲートⅡ,11460,6,地下鉄七隈線,薬院大通,4,3LDK,90.19,福岡県福岡市中央区薬院４,https://suumo.jp//ms/chuko/fukuoka/sc_fukuokashichuo/nc_73596049/
大濠オドゥール,12000,26,地下鉄七隈線,六本松,11,3LDK,118.19,福岡県福岡市中央区大濠１,https://suumo.jp//ms/chuko/fukuoka/sc_fukuokashichuo/nc_74852081/
シャトレ赤坂,13000,41,地下鉄七隈線,桜坂,13,4LDK,143.13,福岡県福岡市中央区赤坂２-4-3,https://suumo.jp//ms/chuko/fukuoka/sc_fukuokashichuo/nc_74542732/
グランドメゾン浄水ガーデンシティフォレストゲートⅠ,13000,7,地下鉄七隈線,薬院大通,4,3LDK,103.96,福岡県福岡市中央区薬院４,https://suumo.jp//ms/chuko/fukuoka/sc_fukuokashichuo/nc_74859707/
レーベン福岡天神ONE TOWER,13200,0,地下鉄七隈線,天神南,14,3LDK+S（納戸）,83.43,福岡県福岡市中央区天神５,https://suumo.jp//ms/chuko/fukuoka/sc_fukuokashichuo/nc_74829157/
パークハウス大濠,13800,26,地下鉄七隈線,六本松,11,4LDK,137.79,福岡県福岡市中央区大濠１,https://suumo.jp//ms/chuko/fukuoka/sc_fukuokashichuo/nc_74870151/
グランドメゾン薬院レジデンス,15000,7,地下鉄七隈線,薬院大通,7,3LDK,105.5,福岡県福岡市中央区薬院２,https://suumo.jp//ms/chuko/fukuoka/sc_fukuokashichuo/nc_74782922/
Brillia大濠一丁目,19800,17,地下鉄七隈線,六本松,13,2LDK,121.12,福岡県福岡市中央区大濠１,https://suumo.jp//ms/chuko/fukuoka/sc_fukuokashichuo/nc_74555342/
ザ・パークハウス桜坂サンリヤン,20000,6,地下鉄七隈線,桜坂,3,4LDK,105.07,福岡県福岡市中央区桜坂３,https://suumo.jp//ms/chuko/fukuoka/sc_fukuokashichuo/nc_74279125/
ザ・パークハウス桜坂サンリヤン,20000,6,地下鉄七隈線,桜坂,3,4LDK,105.07,福岡県福岡市中央区桜坂３,https://suumo.jp//ms/chuko/fukuoka/sc_fukuokashichuo/nc_74365630/
ザ・サンメゾン大濠一丁目ELDO,31000,11,地下鉄七隈線,六本松,10,4LDK,216.42,福岡県福岡市中央区大濠１,https://suumo.jp//ms/chuko/fukuoka/sc_fukuokashichuo/nc_74642880/
ザ・サンメゾン大濠一丁目ELDO,31000,11,地下鉄七隈線,六本松,10,4LDK+3S（納戸）,216.42,福岡県福岡市中央区大濠１-5-14,https://suumo.jp//ms/chuko/fukuoka/sc_fukuokashichuo/nc_74640602/
グランドメゾン赤坂JOSEKI,46500,2,地下鉄七隈線,桜坂,14,3LDK,184.61,福岡県福岡市中央区赤坂２,https://suumo.jp//ms/chuko/fukuoka/sc_fukuokashichuo/nc_72602646/
ロイヤルマンション荒江,2480,39,地下鉄七隈線,別府,13,3LDK,66.96,福岡県福岡市城南区荒江１,https://suumo.jp//ms/chuko/fukuoka/sc_fukuokashijonan/nc_74820376/
ネオヒューマインド別府駅前,3280,15,地下鉄七隈線,別府,3,2LDK,57.84,福岡県福岡市城南区別府２,https://suumo.jp//ms/chuko/fukuoka/sc_fukuokashijonan/nc_74931451/
コスモ別府,3780,25,地下鉄七隈線,別府,9,4LDK,117.43,福岡県福岡市城南区別府４,https://suumo.jp//ms/chuko/fukuoka/sc_fukuokashijonan/nc_71722074/
大濠公園アーバンライフ,5000,55,地下鉄七隈線,六本松,8,3LDK,93.24,福岡県福岡市中央区大濠１,https://suumo.jp//ms/chuko/fukuoka/sc_fukuokashichuo/nc_73486214/
