id,name,price,age,line,station_name,minutes,layout,area,address,url
70690643,藤和西新コープ,1780,49,地下鉄空港線,西新,6,3LDK,84.89,福岡県福岡市早良区城西２,https://suumo.jp//ms/chuko/fukuoka/sc_fukuokashisawara/nc_70690643/
71503871,オーヴィジョン六本松,6480,5,地下鉄七隈線,六本松,6,2LDK,68.0,福岡県福岡市中央区谷２,https://suumo.jp//ms/chuko/fukuoka/sc_fukuokashichuo/nc_71503871/
71893185,スワローハイツ山荘通,2180,40,地下鉄七隈線,薬院大通,14,3LDK,79.27,福岡県福岡市中央区平尾４,https://suumo.jp//ms/chuko/fukuoka/sc_fukuokashichuo/nc_71893185/
72172682,アーバンパレスアクス大濠,7280,31,地下鉄空港線,唐人町,8,3LDK,96.31,福岡県福岡市中央区荒戸３,https://suumo.jp//ms/chuko/fukuoka/sc_fukuokashichuo/nc_72172682/
72566908,ネオハイツ南公園,2480,38,地下鉄七隈線,桜坂,12,3LDK,78.89,福岡県福岡市中央区谷２,https://suumo.jp//ms/chuko/fukuoka/sc_fukuokashichuo/nc_72566908/
73288262,内覧予約お願いします！オープンレジデンシア薬院南,3280,4,西鉄天神大牟田線,薬院,9,1LDK,32.17,福岡県福岡市中央区平尾３,https://suumo.jp//ms/chuko/fukuoka/sc_fukuokashichuo/nc_73288262/
73321324,インペリアル平尾台,1890,51,西鉄天神大牟田線,薬院,13,2LDK,63.69,福岡県福岡市中央区平尾３,https://suumo.jp//ms/chuko/fukuoka/sc_fukuokashichuo/nc_73321324/
73326753,サンライフ六本松,4280,42,地下鉄七隈線,六本松,3,3LDK,81.11,福岡県福岡市中央区草香江２,https://suumo.jp//ms/chuko/fukuoka/sc_fukuokashichuo/nc_73326753/
73331382,アプローズ空港前Ⅱ,3295,23,地下鉄空港線,福岡空港,14,5LDK,109.53,福岡県糟屋郡志免町別府西３,https://suumo.jp//ms/chuko/fukuoka/sc_kasuyagunshime/nc_73331382/
73662868,サングレート薬院駅ロイヤルウィン,4650,23,西鉄天神大牟田線,薬院,4,1LDK,55.72,福岡県福岡市中央区平尾１,https://suumo.jp//ms/chuko/fukuoka/sc_fukuokashichuo/nc_73662868/
73965237,コアマンション赤坂けやき,4480,28,地下鉄七隈線,桜坂,6,4LDK,85.72,福岡県福岡市中央区六本松３,https://suumo.jp//ms/chuko/fukuoka/sc_fukuokashichuo/nc_73965237/
74070175,コアマンションけやき通りプレジオ　1012号,16800,24,地下鉄七隈線,六本松,10,3LDK,150.4,福岡県福岡市中央区赤坂３,https://suumo.jp//ms/chuko/fukuoka/sc_fukuokashichuo/nc_74070175/
74084400,サンポートハイツ,1980,52,地下鉄空港線,大濠公園,8,1LDK,66.82,福岡県福岡市中央区港２,https://suumo.jp//ms/chuko/fukuoka/sc_fukuokashichuo/nc_74084400/
74279125,ザ・パークハウス桜坂サンリヤン,16500,8,地下鉄七隈線,桜坂,3,4LDK,105.07,福岡県福岡市中央区桜坂３,https://suumo.jp//ms/chuko/fukuoka/sc_fukuokashichuo/nc_74279125/
74348936,コスモ警固ロイヤルフォルム,5800,25,地下鉄空港線,赤坂,8,3LDK,66.18,福岡県福岡市中央区警固１-１３－１５,https://suumo.jp//ms/chuko/fukuoka/sc_fukuokashichuo/nc_74348936/
74446504,ハイムニュー桜坂,1780,51,地下鉄七隈線,桜坂,4,2LDK,72.03,福岡県福岡市中央区桜坂３,https://suumo.jp//ms/chuko/fukuoka/sc_fukuokashichuo/nc_74446504/
74487193,ライオンズマンション桜坂,2290,43,地下鉄七隈線,桜坂,6,2LDK,66.56,福岡県福岡市中央区桜坂３,https://suumo.jp//ms/chuko/fukuoka/sc_fukuokashichuo/nc_74487193/
74551502,東峰マンション第二西公園,2480,44,地下鉄空港線,大濠公園,9,3LDK,73.55,福岡県福岡市中央区荒戸３,https://suumo.jp//ms/chuko/fukuoka/sc_fukuokashichuo/nc_74551502/
74639069,ザ・サンメゾン大濠1丁目ELDO,29000,13,地下鉄空港線,唐人町,12,6LDK,211.7,福岡県福岡市中央区大濠１-5-14,https://suumo.jp//ms/chuko/fukuoka/sc_fukuokashichuo/nc_74639069/
74640602,ザ・サンメゾン大濠一丁目ELDO,29000,13,地下鉄七隈線,六本松,10,4LDK+3S（納戸）,216.42,福岡県福岡市中央区大濠１-5-14,https://suumo.jp//ms/chuko/fukuoka/sc_fukuokashichuo/nc_74640602/
74671558,ティアラ薬院,4580,35,地下鉄七隈線,薬院大通,3,2LDK,87.4,福岡県福岡市中央区薬院２,https://suumo.jp//ms/chuko/fukuoka/sc_fukuokashichuo/nc_74671558/
74944975,ロマネスク桜坂ルネッサンス,2800,38,地下鉄七隈線,桜坂,9,3LDK,76.77,福岡県福岡市中央区谷２,https://suumo.jp//ms/chuko/fukuoka/sc_fukuokashichuo/nc_74944975/
74988832,イトーピア六本松,3500,32,地下鉄七隈線,六本松,7,3LDK,69.48,福岡県福岡市中央区六本松４-6-18,https://suumo.jp//ms/chuko/fukuoka/sc_fukuokashichuo/nc_74988832/
74991725,オーセントスクエア室見アーバンコンフォート,3200,22,地下鉄空港線,藤崎,15,2LDK,60.03,福岡県福岡市早良区室見４,https://suumo.jp//ms/chuko/fukuoka/sc_fukuokashisawara/nc_74991725/
75001815,ライオンズマンション薬院浄水通り,4480,26,地下鉄七隈線,薬院大通,4,2LDK,75.3,福岡県福岡市中央区薬院４,https://suumo.jp//ms/chuko/fukuoka/sc_fukuokashichuo/nc_75001815/
75016898,アートウィル赤坂,3498,32,地下鉄七隈線,桜坂,10,3LDK,65.61,福岡県福岡市中央区赤坂３-2-35,https://suumo.jp//ms/chuko/fukuoka/sc_fukuokashichuo/nc_75016898/
75116626,グランフォーレ西新パサージュ,3030,5,地下鉄空港線,藤崎,6,1LDK,33.23,福岡県福岡市早良区高取１,https://suumo.jp//ms/chuko/fukuoka/sc_fukuokashisawara/nc_75116626/
75133022,ライオンズマンション薬院浄水通り,4480,26,地下鉄七隈線,薬院大通,3,2LDK+S（納戸）,75.3,福岡県福岡市中央区薬院４,https://suumo.jp//ms/chuko/fukuoka/sc_fukuokashichuo/nc_75133022/
75137439,ライオンズマンション薬院浄水通り,4480,26,地下鉄七隈線,薬院大通,3,3LDK,75.3,福岡県福岡市中央区薬院４,https://suumo.jp//ms/chuko/fukuoka/sc_fukuokashichuo/nc_75137439/
75157812,デュオヴェール博多駅,6860,3,ＪＲ鹿児島本線,博多,5,2LDK,48.9,福岡県福岡市博多区博多駅東１,https://suumo.jp//ms/chuko/fukuoka/sc_fukuokashihakata/nc_75157812/
75193496,オープンレジデンシア薬院二丁目,3800,3,地下鉄七隈線,薬院大通,3,1LDK,34.31,福岡県福岡市中央区薬院２,https://suumo.jp//ms/chuko/fukuoka/sc_fukuokashichuo/nc_75193496/
75193563,オープンレジデンシア薬院南,3498,4,西鉄天神大牟田線,薬院,9,1LDK,34.54,福岡県福岡市中央区平尾３,https://suumo.jp//ms/chuko/fukuoka/sc_fukuokashichuo/nc_75193563/
75230654,ニューライフ天神,1980,43,地下鉄空港線,天神,7,1LDK,43.95,福岡県福岡市中央区天神４-1-23,https://suumo.jp//ms/chuko/fukuoka/sc_fukuokashichuo/nc_75230654/
75250245,朝日プラザ博多,698,41,ＪＲ鹿児島本線,博多,13,ワンルーム,17.92,福岡県福岡市博多区博多駅前４,https://suumo.jp//ms/chuko/fukuoka/sc_fukuokashihakata/nc_75250245/
75260228,マンシヨンアベニユー,1980,52,地下鉄空港線,西新,4,1LDK,53.91,福岡県福岡市早良区西新５,https://suumo.jp//ms/chuko/fukuoka/sc_fukuokashisawara/nc_75260228/
75274314,ニューライフ平尾,2480,45,地下鉄七隈線,薬院,8,2LDK,70.43,福岡県福岡市中央区平尾１,https://suumo.jp//ms/chuko/fukuoka/sc_fukuokashichuo/nc_75274314/
75284498,ロイヤルマンション荒江,2280,41,地下鉄七隈線,別府,14,2LDK,59.52,福岡県福岡市城南区荒江１,https://suumo.jp//ms/chuko/fukuoka/sc_fukuokashijonan/nc_75284498/
75309828,アーバンパレスアクス大濠,4000,31,地下鉄空港線,唐人町,8,3LDK,72.48,福岡県福岡市中央区荒戸３-2-45,https://suumo.jp//ms/chuko/fukuoka/sc_fukuokashichuo/nc_75309828/
75368394,ル・サンク大手門パークサイド,6480,22,地下鉄空港線,赤坂,9,3LDK,81.22,福岡県福岡市中央区大手門２,https://suumo.jp//ms/chuko/fukuoka/sc_fukuokashichuo/nc_75368394/
75401601,東洋マンション西公園,3200,47,地下鉄空港線,大濠公園,6,1LDK+S（納戸）,71.55,福岡県福岡市中央区大手門３,https://suumo.jp//ms/chuko/fukuoka/sc_fukuokashichuo/nc_75401601/
75491084,MJR桜坂プレシャス,6190,21,地下鉄七隈線,桜坂,1,3LDK,88.95,福岡県福岡市中央区桜坂１,https://suumo.jp//ms/chuko/fukuoka/sc_fukuokashichuo/nc_75491084/
75499393,ライオンズマンション西公園,1890,47,地下鉄空港線,大濠公園,10,2LDK,54.33,福岡県福岡市中央区荒戸２,https://suumo.jp//ms/chuko/fukuoka/sc_fukuokashichuo/nc_75499393/
75500622,シャトレけやき通り,8000,41,地下鉄空港線,赤坂,14,5LDK+S（納戸）,139.21,福岡県福岡市中央区赤坂２-4-5,https://suumo.jp//ms/chuko/fukuoka/sc_fukuokashichuo/nc_75500622/
75521860,大濠ハイツ,2399,49,地下鉄七隈線,六本松,8,3LDK,71.28,福岡県福岡市中央区六本松３,https://suumo.jp//ms/chuko/fukuoka/sc_fukuokashichuo/nc_75521860/
75529909,デュ・レジア薬院テラス,4490,4,地下鉄七隈線,薬院,10,1LDK,43.13,福岡県福岡市中央区高砂２,https://suumo.jp//ms/chuko/fukuoka/sc_fukuokashichuo/nc_75529909/
75539388,ＭＪＲ桜坂プレシャス,6190,21,地下鉄七隈線,桜坂,3,3LDK,88.95,福岡県福岡市中央区桜坂１,https://suumo.jp//ms/chuko/fukuoka/sc_fukuokashichuo/nc_75539388/
75548774,大濠ハイツ【価格更新・リフォーム済♪即日案内】,2399,49,地下鉄七隈線,六本松,10,3LDK,71.28,福岡県福岡市中央区六本松３,https://suumo.jp//ms/chuko/fukuoka/sc_fukuokashichuo/nc_75548774/
75570199,グランフォーレ西新パサージュ,2780,5,地下鉄空港線,藤崎,6,1LDK,31.02,福岡県福岡市早良区高取１,https://suumo.jp//ms/chuko/fukuoka/sc_fukuokashisawara/nc_75570199/
75591726,ライオンズマンション西公園,1998,47,地下鉄空港線,大濠公園,8,2LDK,54.33,福岡県福岡市中央区荒戸２,https://suumo.jp//ms/chuko/fukuoka/sc_fukuokashichuo/nc_75591726/
75628321,三愛シティライフ博多駅東,2100,37,地下鉄空港線,東比恵,10,2LDK,60.87,福岡県福岡市博多区東光２,https://suumo.jp//ms/chuko/fukuoka/sc_fukuokashihakata/nc_75628321/
75639528,ウェルリバービュー天神,4780,20,地下鉄空港線,中洲川端,6,2LDK,65.09,福岡県福岡市博多区中洲中島町,https://suumo.jp//ms/chuko/fukuoka/sc_fukuokashihakata/nc_75639528/
75646169,ブライトンヒルズ藤崎,6280,23,地下鉄空港線,藤崎,6,4LDK+S（納戸）,87.25,福岡県福岡市早良区藤崎１,https://suumo.jp//ms/chuko/fukuoka/sc_fukuokashisawara/nc_75646169/
75664352,クローバーハイツ六本松,1590,41,地下鉄七隈線,六本松,8,2LDK,54.71,福岡県福岡市中央区梅光園２-7-1,https://suumo.jp//ms/chuko/fukuoka/sc_fukuokashichuo/nc_75664352/
75679454,ふよう駅東ハイツ,2100,44,地下鉄空港線,博多,7,3LDK,69.39,福岡県福岡市博多区博多駅東１,https://suumo.jp//ms/chuko/fukuoka/sc_fukuokashihakata/nc_75679454/
75682341,ザ・パークハウス福岡タワーズEAST,42000,6,地下鉄空港線,唐人町,12,3LDK,200.14,福岡県福岡市中央区地行浜２,https://suumo.jp//ms/chuko/fukuoka/sc_fukuokashichuo/nc_75682341/
75714766,【価格改定】アクロス天神セントラルグロー,3230,3,地下鉄七隈線,渡辺通,6,1LDK,32.91,福岡県福岡市中央区春吉２-18-1,https://suumo.jp//ms/chuko/fukuoka/sc_fukuokashichuo/nc_75714766/
75718862,大濠公園アーバンライフ,5000,57,地下鉄七隈線,六本松,10,3DK,93.24,福岡県福岡市中央区大濠１,https://suumo.jp//ms/chuko/fukuoka/sc_fukuokashichuo/nc_75718862/
75731203,ザ・パークハウス桜坂サンリヤン,12500,8,地下鉄七隈線,桜坂,3,3LDK,101.65,福岡県福岡市中央区桜坂３,https://suumo.jp//ms/chuko/fukuoka/sc_fukuokashichuo/nc_75731203/
75745223,オープンレジデンシア博多住吉,3490,3,地下鉄七隈線,櫛田神社前,8,1LDK,31.13,福岡県福岡市博多区住吉２-7-1,https://suumo.jp//ms/chuko/fukuoka/sc_fukuokashihakata/nc_75745223/
75760410,ライオンズマンション昭代,1280,45,地下鉄空港線,西新,14,2LDK,58.8,福岡県福岡市早良区昭代１,https://suumo.jp//ms/chuko/fukuoka/sc_fukuokashisawara/nc_75760410/
75774194,ファミール別府,3397,43,地下鉄七隈線,別府,3,3LDK,81.0,福岡県福岡市城南区別府２,https://suumo.jp//ms/chuko/fukuoka/sc_fukuokashijonan/nc_75774194/
75782046,天神ロイヤルハイツ,7920,45,地下鉄空港線,天神,10,ワンルーム,68.37,福岡県福岡市中央区天神５,https://suumo.jp//ms/chuko/fukuoka/sc_fukuokashichuo/nc_75782046/
75789902,ブライトパーク・サンリヤン地行Ⅲ番館,4680,14,地下鉄空港線,西新,9,3LDK,72.45,福岡県福岡市中央区地行３,https://suumo.jp//ms/chuko/fukuoka/sc_fukuokashichuo/nc_75789902/
75794552,レーベン福岡天神ONE　TOWER　706号室,7950,2,地下鉄空港線,天神,8,2LDK,70.89,福岡県福岡市中央区天神５,https://suumo.jp//ms/chuko/fukuoka/sc_fukuokashichuo/nc_75794552/
75807654,オープンレジデンシア博多住吉,3490,3,ＪＲ鹿児島本線,博多,9,1LDK,34.0,福岡県福岡市博多区住吉２,https://suumo.jp//ms/chuko/fukuoka/sc_fukuokashihakata/nc_75807654/
75817616,藤和高取ホームズ,2380,39,地下鉄空港線,藤崎,5,1LDK,43.74,福岡県福岡市早良区高取１,https://suumo.jp//ms/chuko/fukuoka/sc_fukuokashisawara/nc_75817616/
75818273,フラワーコーポ六本松,1480,47,地下鉄七隈線,六本松,4,1LDK,39.36,福岡県福岡市中央区草香江２,https://suumo.jp//ms/chuko/fukuoka/sc_fukuokashichuo/nc_75818273/
75823225,藤和西新コープ,2180,49,地下鉄空港線,西新,6,2LDK+S（納戸）,77.66,福岡県福岡市早良区城西２,https://suumo.jp//ms/chuko/fukuoka/sc_fukuokashisawara/nc_75823225/
75848328,東薬院パークマンション,2430,40,地下鉄七隈線,薬院大通,6,2LDK,77.08,福岡県福岡市中央区薬院４,https://suumo.jp//ms/chuko/fukuoka/sc_fukuokashichuo/nc_75848328/
75872494,オープンレジデンシア天神今泉,4990,3,地下鉄七隈線,薬院大通,6,2LDK,46.01,福岡県福岡市中央区今泉２,https://suumo.jp//ms/chuko/fukuoka/sc_fukuokashichuo/nc_75872494/
75874691,コモダス大濠,7000,30,地下鉄空港線,唐人町,7,3LDK,83.77,福岡県福岡市中央区大濠２,https://suumo.jp//ms/chuko/fukuoka/sc_fukuokashichuo/nc_75874691/
75894792,オープンレジデンシア天神今泉,3750,3,地下鉄七隈線,薬院大通,7,1LDK,34.12,福岡県福岡市中央区今泉２,https://suumo.jp//ms/chuko/fukuoka/sc_fukuokashichuo/nc_75894792/
75902560,藤和高取ホームズ,3480,39,地下鉄空港線,藤崎,5,2LDK,64.35,福岡県福岡市早良区高取１,https://suumo.jp//ms/chuko/fukuoka/sc_fukuokashisawara/nc_75902560/
75917084,ネオハイツ薬院,3890,40,地下鉄七隈線,薬院大通,4,4LDK,87.6,福岡県福岡市中央区薬院３,https://suumo.jp//ms/chuko/fukuoka/sc_fukuokashichuo/nc_75917084/
75917403,オープンレジデンシア薬院白金,3390,3,地下鉄七隈線,薬院,8,1LDK,33.92,福岡県福岡市中央区白金２-1-24,https://suumo.jp//ms/chuko/fukuoka/sc_fukuokashichuo/nc_75917403/
75942042,グランド・ルー平尾アンティエ,6500,23,西鉄天神大牟田線,薬院,14,3LDK,109.11,福岡県福岡市中央区平尾２,https://suumo.jp//ms/chuko/fukuoka/sc_fukuokashichuo/nc_75942042/
75956672,大濠ハイツ,1970,49,地下鉄七隈線,桜坂,11,3LDK,71.28,福岡県福岡市中央区六本松３-１６－２８,https://suumo.jp//ms/chuko/fukuoka/sc_fukuokashichuo/nc_75956672/
75959555,ザ・サンメゾン大濠一丁目ELDO,29000,13,地下鉄空港線,唐人町,13,4LDK,216.42,福岡県福岡市中央区大濠１,https://suumo.jp//ms/chuko/fukuoka/sc_fukuokashichuo/nc_75959555/
75961883,ネクサス藤崎スクエア,5400,17,地下鉄空港線,藤崎,10,4LDK+S（納戸）,92.57,福岡県福岡市早良区昭代３,https://suumo.jp//ms/chuko/fukuoka/sc_fukuokashisawara/nc_75961883/
75963392,ライオンズマンション浄水,1980,49,地下鉄七隈線,薬院大通,7,3DK,71.67,福岡県福岡市中央区御所ヶ谷,https://suumo.jp//ms/chuko/fukuoka/sc_fukuokashichuo/nc_75963392/
76007831,ライオンズタワー赤坂けやき通り,5090,19,地下鉄空港線,赤坂,10,2LDK,60.05,福岡県福岡市中央区赤坂２,https://suumo.jp//ms/chuko/fukuoka/sc_fukuokashichuo/nc_76007831/
76011739,コープ野村白金,2490,43,西鉄天神大牟田線,薬院,7,3LDK,64.54,福岡県福岡市中央区白金１,https://suumo.jp//ms/chuko/fukuoka/sc_fukuokashichuo/nc_76011739/
76017571,エンゼルハイム鳥飼中央,4698,25,地下鉄七隈線,別府,14,3LDK,75.68,福岡県福岡市中央区鳥飼１-4-43,https://suumo.jp//ms/chuko/fukuoka/sc_fukuokashichuo/nc_76017571/
76017750,トーカンマンション今泉一〇,2650,46,地下鉄七隈線,天神南,7,3LDK,60.06,福岡県福岡市中央区今泉１,https://suumo.jp//ms/chuko/fukuoka/sc_fukuokashichuo/nc_76017750/
76018502,ホワイトキャッスル城南,1998,38,地下鉄七隈線,別府,15,3LDK,71.96,福岡県福岡市城南区茶山６,https://suumo.jp//ms/chuko/fukuoka/sc_fukuokashijonan/nc_76018502/
76026134,グランドメゾン大濠公園THE CLASS,25800,2,地下鉄空港線,大濠公園,5,2LDK,111.94,福岡県福岡市中央区荒戸２,https://suumo.jp//ms/chuko/fukuoka/sc_fukuokashichuo/nc_76026134/
76033890,グランドメゾン六本松ザ・テラス,12500,7,地下鉄七隈線,六本松,14,2LDK+2S（納戸）,120.59,福岡県福岡市中央区輝国２,https://suumo.jp//ms/chuko/fukuoka/sc_fukuokashichuo/nc_76033890/
76068317,チサンマンション藤崎,1680,47,地下鉄空港線,藤崎,10,2LDK+S（納戸）,72.02,福岡県福岡市早良区弥生２,https://suumo.jp//ms/chuko/fukuoka/sc_fukuokashisawara/nc_76068317/
76090559,MJR桜坂プレシャス,6190,21,地下鉄七隈線,桜坂,1,4LDK,88.95,福岡県福岡市中央区桜坂１,https://suumo.jp//ms/chuko/fukuoka/sc_fukuokashichuo/nc_76090559/
76091042,クリオラベルヴィ呉服町,3580,8,地下鉄空港線,中洲川端,12,2LDK,47.0,福岡県福岡市博多区下呉服町,https://suumo.jp//ms/chuko/fukuoka/sc_fukuokashihakata/nc_76091042/
76092283,インプレスト天神オークタワー,6980,6,地下鉄空港線,赤坂,8,3LDK,75.23,福岡県福岡市中央区長浜２,https://suumo.jp//ms/chuko/fukuoka/sc_fukuokashichuo/nc_76092283/
76096011,東峰マンション博多駅東,1490,41,地下鉄空港線,東比恵,8,2DK,42.82,福岡県福岡市博多区比恵町,https://suumo.jp//ms/chuko/fukuoka/sc_fukuokashihakata/nc_76096011/
76101857,朝日プラザ天神,3190,39,地下鉄空港線,天神,7,ワンルーム,63.0,福岡県福岡市中央区舞鶴１-9-3,https://suumo.jp//ms/chuko/fukuoka/sc_fukuokashichuo/nc_76101857/
76105420,オープンレジデンシア大濠西,3300,2,地下鉄空港線,唐人町,8,1LDK,34.31,福岡県福岡市中央区今川２,https://suumo.jp//ms/chuko/fukuoka/sc_fukuokashichuo/nc_76105420/
76127879,パークホームズ西新トラッドマークス,11800,8,地下鉄空港線,西新,3,3LDK,107.33,福岡県福岡市早良区西新２,https://suumo.jp//ms/chuko/fukuoka/sc_fukuokashisawara/nc_76127879/
76132933,クリオ渡辺通サザンマークス,6380,2,地下鉄七隈線,渡辺通,15,3LDK,67.0,福岡県福岡市中央区清川３,https://suumo.jp//ms/chuko/fukuoka/sc_fukuokashichuo/nc_76132933/
76149614,パークホームズ西新トラッドマークス◆☆眺望良好・価格…,11800,8,地下鉄空港線,西新,4,3LDK,107.33,福岡県福岡市早良区西新２,https://suumo.jp//ms/chuko/fukuoka/sc_fukuokashisawara/nc_76149614/
76152883,アクロス天神セントラルグロー,3230,3,地下鉄七隈線,渡辺通,7,1LDK,32.91,福岡県福岡市中央区春吉２,https://suumo.jp//ms/chuko/fukuoka/sc_fukuokashichuo/nc_76152883/
76170497,クリオラベルヴィ天神,3620,7,地下鉄七隈線,薬院大通,6,1LDK,34.4,福岡県福岡市中央区今泉２,https://suumo.jp//ms/chuko/fukuoka/sc_fukuokashichuo/nc_76170497/
76197783,エンゼルハイム鳥飼中央,4250,25,地下鉄空港線,西新,13,4LDK,85.12,福岡県福岡市中央区鳥飼１,https://suumo.jp//ms/chuko/fukuoka/sc_fukuokashichuo/nc_76197783/
76200160,パークハイツ桜坂,2199,49,地下鉄七隈線,桜坂,4,2LDK,72.0,福岡県福岡市中央区桜坂３,https://suumo.jp//ms/chuko/fukuoka/sc_fukuokashichuo/nc_76200160/
76206571,JGMコンシャスブルー浄水館,6480,25,地下鉄七隈線,薬院大通,3,4LDK,85.57,福岡県福岡市中央区薬院４-5-30,https://suumo.jp//ms/chuko/fukuoka/sc_fukuokashichuo/nc_76206571/
76209609,オープンレジデンシア薬院白金,3500,3,西鉄天神大牟田線,薬院,9,1LDK,31.34,福岡県福岡市中央区白金２,https://suumo.jp//ms/chuko/fukuoka/sc_fukuokashichuo/nc_76209609/
76228504,大名サンハイツ,2980,45,地下鉄空港線,赤坂,5,2LDK,62.32,福岡県福岡市中央区大名１,https://suumo.jp//ms/chuko/fukuoka/sc_fukuokashichuo/nc_76228504/
76255988,ニューライフ天神,2820,43,地下鉄空港線,天神,7,2LDK,60.78,福岡県福岡市中央区天神４,https://suumo.jp//ms/chuko/fukuoka/sc_fukuokashichuo/nc_76255988/
76259281,フェニックスマンション平尾,2790,35,西鉄天神大牟田線,薬院,6,3LDK,61.29,福岡県福岡市中央区平尾１,https://suumo.jp//ms/chuko/fukuoka/sc_fukuokashichuo/nc_76259281/
76274413,ライオンズマンション西公園第2,1880,43,地下鉄空港線,大濠公園,13,1LDK,35.88,福岡県福岡市中央区荒戸３,https://suumo.jp//ms/chuko/fukuoka/sc_fukuokashichuo/nc_76274413/
76275010,朝日プラザ平尾Ⅱ,1880,43,西鉄天神大牟田線,薬院,13,1LDK,48.6,福岡県福岡市中央区平尾２,https://suumo.jp//ms/chuko/fukuoka/sc_fukuokashichuo/nc_76275010/
76332183,ライオンズマンションマキシム桜坂Ⅱ,3980,28,地下鉄七隈線,桜坂,5,3LDK,72.72,福岡県福岡市中央区谷１,https://suumo.jp//ms/chuko/fukuoka/sc_fukuokashichuo/nc_76332183/
76336473,アクロス天神ファーストステージ,4480,25,地下鉄七隈線,渡辺通,10,3LDK,78.57,福岡県福岡市中央区清川２-13-2,https://suumo.jp//ms/chuko/fukuoka/sc_fukuokashichuo/nc_76336473/
76336701,エテルナ高取Ⅱ,4980,27,地下鉄空港線,藤崎,9,3LDK,83.06,福岡県福岡市早良区高取１-17-31,https://suumo.jp//ms/chuko/fukuoka/sc_fukuokashisawara/nc_76336701/
76351627,ライオンズマンション西公園◆☆新規価格改定☆◆,1998,47,地下鉄空港線,大濠公園,9,2LDK,54.33,福岡県福岡市中央区荒戸２,https://suumo.jp//ms/chuko/fukuoka/sc_fukuokashichuo/nc_76351627/
76358888,レーベン福岡天神　ONE TOWER,6998,2,地下鉄空港線,天神,8,1LDK,43.7,福岡県福岡市中央区天神５-4-1,https://suumo.jp//ms/chuko/fukuoka/sc_fukuokashichuo/nc_76358888/
76364232,ブリリアタワー西新,22800,5,地下鉄空港線,西新,1,3LDK,100.08,福岡県福岡市早良区西新４,https://suumo.jp//ms/chuko/fukuoka/sc_fukuokashisawara/nc_76364232/
76364330,朝日プラザ大濠Ⅱ,1880,42,地下鉄七隈線,六本松,3,1LDK,44.28,福岡県福岡市中央区草香江１,https://suumo.jp//ms/chuko/fukuoka/sc_fukuokashichuo/nc_76364330/
76366247,ライオンズマンション西公園第2,1880,43,地下鉄空港線,大濠公園,10,1LDK+S（納戸）,35.88,福岡県福岡市中央区荒戸３,https://suumo.jp//ms/chuko/fukuoka/sc_fukuokashichuo/nc_76366247/
76375775,ロイヤルマンション鳥飼ソフィア,4450,22,地下鉄空港線,西新,10,3LDK,80.47,福岡県福岡市中央区鳥飼３-10-13,https://suumo.jp//ms/chuko/fukuoka/sc_fukuokashichuo/nc_76375775/
76376736,ソピア大濠西,4900,27,地下鉄空港線,西新,9,4LDK,83.2,福岡県福岡市中央区鳥飼３,https://suumo.jp//ms/chuko/fukuoka/sc_fukuokashichuo/nc_76376736/
76376932,アンピール輝国,4420,13,地下鉄七隈線,六本松,15,2LDK,75.36,福岡県福岡市中央区輝国２,https://suumo.jp//ms/chuko/fukuoka/sc_fukuokashichuo/nc_76376932/
76390835,ロイヤルマンション別府,3120,40,地下鉄七隈線,別府,1,3LDK,63.0,福岡県福岡市城南区別府３,https://suumo.jp//ms/chuko/fukuoka/sc_fukuokashijonan/nc_76390835/
76393114,グランドメゾン大濠テラス,7750,18,地下鉄七隈線,六本松,10,3LDK,90.45,福岡県福岡市中央区草香江２,https://suumo.jp//ms/chuko/fukuoka/sc_fukuokashichuo/nc_76393114/
76413954,Ｂｒｉｌｌｉａ　Ｔｏｗｅｒ西新,21800,5,地下鉄空港線,西新,1,3LDK,101.13,福岡県福岡市早良区西新４,https://suumo.jp//ms/chuko/fukuoka/sc_fukuokashisawara/nc_76413954/
76414809,東峰マンション博多駅東,1510,41,地下鉄空港線,東比恵,5,2DK,42.82,福岡県福岡市博多区比恵町7-27,https://suumo.jp//ms/chuko/fukuoka/sc_fukuokashihakata/nc_76414809/
76422525,ライオンズマンションマキシム桜坂,1998,38,地下鉄七隈線,桜坂,8,2LDK,81.79,福岡県福岡市中央区谷２,https://suumo.jp//ms/chuko/fukuoka/sc_fukuokashichuo/nc_76422525/
76428079,シャンボール大名 D棟,1180,44,地下鉄空港線,赤坂,2,ワンルーム,25.02,福岡県福岡市中央区大名２-10-4,https://suumo.jp//ms/chuko/fukuoka/sc_fukuokashichuo/nc_76428079/
76429649,ヒルズ百道,3950,28,地下鉄空港線,藤崎,3,2LDK,56.32,福岡県福岡市早良区百道２,https://suumo.jp//ms/chuko/fukuoka/sc_fukuokashisawara/nc_76429649/
76431436,アーバンパレスアクス大濠Ⅱ,4890,27,地下鉄空港線,唐人町,5,3LDK,74.2,福岡県福岡市中央区荒戸３-3-15,https://suumo.jp//ms/chuko/fukuoka/sc_fukuokashichuo/nc_76431436/
76431541,アクロス大濠公園プレミアフォート,3250,4,地下鉄空港線,唐人町,1,1LDK,33.5,福岡県福岡市中央区地行１,https://suumo.jp//ms/chuko/fukuoka/sc_fukuokashichuo/nc_76431541/
76437406,エバーライフ桜坂,1580,47,地下鉄七隈線,桜坂,5,1LDK,47.52,福岡県福岡市中央区桜坂３-1-1,https://suumo.jp//ms/chuko/fukuoka/sc_fukuokashichuo/nc_76437406/
76438653,藤崎ロジュマン,2790,38,地下鉄空港線,藤崎,10,4LDK,82.76,福岡県福岡市早良区昭代３,https://suumo.jp//ms/chuko/fukuoka/sc_fukuokashisawara/nc_76438653/
76438670,ロマネスク西公園第２,3280,44,地下鉄空港線,大濠公園,7,4LDK,105.53,福岡県福岡市中央区荒戸３,https://suumo.jp//ms/chuko/fukuoka/sc_fukuokashichuo/nc_76438670/
76444240,〇素敵な住環境〇ライオンズマンションマキシム浄水通り…,3000,45,地下鉄七隈線,薬院大通,4,2LDK,83.83,福岡県福岡市中央区薬院４,https://suumo.jp//ms/chuko/fukuoka/sc_fukuokashichuo/nc_76444240/
76444778,コレマツハイツ藤崎,1340,44,地下鉄空港線,藤崎,9,3DK,55.62,福岡県福岡市早良区弥生２,https://suumo.jp//ms/chuko/fukuoka/sc_fukuokashisawara/nc_76444778/
76461448,コープ野村博多東,3480,46,地下鉄空港線,東比恵,4,4LDK,98.41,福岡県福岡市博多区比恵町,https://suumo.jp//ms/chuko/fukuoka/sc_fukuokashihakata/nc_76461448/
76463062,秀和舞鶴レジデンス,1870,52,地下鉄空港線,天神,10,1LDK,54.53,福岡県福岡市中央区舞鶴１,https://suumo.jp//ms/chuko/fukuoka/sc_fukuokashichuo/nc_76463062/
76467673,第33プリンスマンション城南,2798,40,地下鉄七隈線,別府,2,2LDK,65.65,福岡県福岡市城南区別府１-19-40,https://suumo.jp//ms/chuko/fukuoka/sc_fukuokashijonan/nc_76467673/
76476511,オープンレジデンシア薬院南,3200,4,西鉄天神大牟田線,薬院,8,1LDK,34.54,福岡県福岡市中央区平尾３,https://suumo.jp//ms/chuko/fukuoka/sc_fukuokashichuo/nc_76476511/
76485918,東薬院パーク・マンション,2430,40,地下鉄七隈線,薬院大通,6,2LDK,77.08,福岡県福岡市中央区薬院４,https://suumo.jp//ms/chuko/fukuoka/sc_fukuokashichuo/nc_76485918/
76486201,東峰マンシヨン渡辺通　203,2550,40,地下鉄七隈線,渡辺通,5,2LDK,55.38,福岡県福岡市中央区春吉２-16-15,https://suumo.jp//ms/chuko/fukuoka/sc_fukuokashichuo/nc_76486201/
76489741,オープンレジデンシア薬院南,3300,4,西鉄天神大牟田線,薬院,8,1LDK,34.54,福岡県福岡市中央区平尾３,https://suumo.jp//ms/chuko/fukuoka/sc_fukuokashichuo/nc_76489741/
76491729,エンゼルハイム鳥飼中央,5490,25,地下鉄空港線,西新,13,4LDK,85.12,福岡県福岡市中央区鳥飼１,https://suumo.jp//ms/chuko/fukuoka/sc_fukuokashichuo/nc_76491729/
76492204,「価格改定」パーク・ハイム鳥飼【最上階角部屋・眺望良…,1980,45,地下鉄七隈線,別府,9,3LDK,79.52,福岡県福岡市城南区鳥飼５,https://suumo.jp//ms/chuko/fukuoka/sc_fukuokashijonan/nc_76492204/
76493375,東峰マンション大宮,1939,48,西鉄天神大牟田線,薬院,7,2LDK,60.05,福岡県福岡市中央区大宮１-5-31,https://suumo.jp//ms/chuko/fukuoka/sc_fukuokashichuo/nc_76493375/
76498124,南薬院パークマンション,5880,41,地下鉄七隈線,薬院大通,4,2LDK+S（納戸）,81.58,福岡県福岡市中央区薬院２,https://suumo.jp//ms/chuko/fukuoka/sc_fukuokashichuo/nc_76498124/
76507111,メゾン・ド・メナージュ,1800,39,地下鉄七隈線,渡辺通,14,ワンルーム,41.34,福岡県福岡市博多区住吉５,https://suumo.jp//ms/chuko/fukuoka/sc_fukuokashihakata/nc_76507111/
76508942,パークホームズ大濠二丁目,24500,9,地下鉄空港線,唐人町,5,3LDK,121.04,福岡県福岡市中央区大濠２,https://suumo.jp//ms/chuko/fukuoka/sc_fukuokashichuo/nc_76508942/
76520020,パーク・ハイム鳥飼,1980,45,地下鉄七隈線,別府,9,3LDK,79.52,福岡県福岡市城南区鳥飼５-17-33,https://suumo.jp//ms/chuko/fukuoka/sc_fukuokashijonan/nc_76520020/
76537237,ＣＬＵＢ　ＴＨＥ．大濠二丁目,10200,7,地下鉄空港線,唐人町,7,2LDK,88.45,福岡県福岡市中央区大濠２,https://suumo.jp//ms/chuko/fukuoka/sc_fukuokashichuo/nc_76537237/
76542603,パークハウス西新,4480,30,地下鉄空港線,西新,5,4LDK+S（納戸）,91.9,福岡県福岡市早良区西新２,https://suumo.jp//ms/chuko/fukuoka/sc_fukuokashisawara/nc_76542603/
76548613,コスモ警固ロイヤルフォルム,5800,25,地下鉄空港線,赤坂,9,3LDK,66.1,福岡県福岡市中央区警固１,https://suumo.jp//ms/chuko/fukuoka/sc_fukuokashichuo/nc_76548613/
76554283,グランドメゾン浄水ガーデンシティフォレストゲートII…,13800,8,地下鉄七隈線,薬院大通,6,4LDK,95.75,福岡県福岡市中央区薬院４,https://suumo.jp//ms/chuko/fukuoka/sc_fukuokashichuo/nc_76554283/
76569520,ファーネスト西新南,3580,26,地下鉄空港線,西新,10,3LDK,75.19,福岡県福岡市早良区昭代２,https://suumo.jp//ms/chuko/fukuoka/sc_fukuokashisawara/nc_76569520/
76569839,藤崎センタービル,2180,47,地下鉄空港線,藤崎,1,1LDK,64.5,福岡県福岡市早良区高取２,https://suumo.jp//ms/chuko/fukuoka/sc_fukuokashisawara/nc_76569839/
76573824,弥生パインマンション 501号室,2350,44,地下鉄空港線,藤崎,13,3LDK,91.44,福岡県福岡市早良区弥生２,https://suumo.jp//ms/chuko/fukuoka/sc_fukuokashisawara/nc_76573824/
76574725,シャトレ高取,4490,34,地下鉄空港線,藤崎,5,4LDK,86.47,福岡県福岡市早良区高取１-28-2,https://suumo.jp//ms/chuko/fukuoka/sc_fukuokashisawara/nc_76574725/
76575939,エクレール平尾,4299,30,西鉄天神大牟田線,薬院,10,3LDK,72.8,福岡県福岡市中央区平尾１,https://suumo.jp//ms/chuko/fukuoka/sc_fukuokashichuo/nc_76575939/
76579332,グランピア田島,2580,33,地下鉄七隈線,別府,11,3LDK,64.8,福岡県福岡市城南区田島１,https://suumo.jp//ms/chuko/fukuoka/sc_fukuokashijonan/nc_76579332/
76580917,トーカンマンション六本松,4590,30,地下鉄七隈線,六本松,3,2LDK,74.79,福岡県福岡市中央区六本松４,https://suumo.jp//ms/chuko/fukuoka/sc_fukuokashichuo/nc_76580917/
76588511,コモダス大濠,5780,30,地下鉄空港線,唐人町,6,3LDK,65.0,福岡県福岡市中央区大濠２,https://suumo.jp//ms/chuko/fukuoka/sc_fukuokashichuo/nc_76588511/
76591896,マンション鳥飼,1850,53,地下鉄七隈線,六本松,12,2LDK,65.54,福岡県福岡市中央区鳥飼１-3-19,https://suumo.jp//ms/chuko/fukuoka/sc_fukuokashichuo/nc_76591896/
76592935,グランドオーク別府ステーションリンク,5780,2,地下鉄七隈線,別府,1,2LDK,61.04,福岡県福岡市城南区別府２,https://suumo.jp//ms/chuko/fukuoka/sc_fukuokashijonan/nc_76592935/
76617990,パークハイム鳥飼　中古マンション,1980,45,地下鉄七隈線,別府,9,3LDK,79.52,福岡県福岡市城南区鳥飼５,https://suumo.jp//ms/chuko/fukuoka/sc_fukuokashijonan/nc_76617990/
76618313,レーベン福岡天神　ＯＮＥ　ＴＯＷＥＲ,8980,2,地下鉄空港線,天神,7,2LDK,70.89,福岡県福岡市中央区天神５,https://suumo.jp//ms/chuko/fukuoka/sc_fukuokashichuo/nc_76618313/
76619148,東急ドエルアルス赤坂,4440,44,地下鉄空港線,赤坂,11,3LDK,76.41,福岡県福岡市中央区赤坂２,https://suumo.jp//ms/chuko/fukuoka/sc_fukuokashichuo/nc_76619148/
76620703,弥生パインマンション,2180,44,地下鉄空港線,藤崎,13,4LDK,94.77,福岡県福岡市早良区弥生２,https://suumo.jp//ms/chuko/fukuoka/sc_fukuokashisawara/nc_76620703/
76622293,ハイライフ大濠,3480,44,地下鉄七隈線,六本松,9,2LDK,67.41,福岡県福岡市中央区草香江２-12-4,https://suumo.jp//ms/chuko/fukuoka/sc_fukuokashichuo/nc_76622293/
76625641,渡辺通カステリア,2580,46,西鉄天神大牟田線,薬院,5,3LDK,69.76,福岡県福岡市中央区渡辺通２,https://suumo.jp//ms/chuko/fukuoka/sc_fukuokashichuo/nc_76625641/
76627401,エンゼルハイム大濠公園南,4680,36,地下鉄七隈線,別府,4,4LDK,93.74,福岡県福岡市城南区鳥飼６,https://suumo.jp//ms/chuko/fukuoka/sc_fukuokashijonan/nc_76627401/
76628602,コープ野村白金301,2490,43,西鉄天神大牟田線,薬院,7,3LDK,64.54,福岡県福岡市中央区白金１,https://suumo.jp//ms/chuko/fukuoka/sc_fukuokashichuo/nc_76628602/
76637785,コアマンション桜坂プレジオヒルズ,8480,25,地下鉄七隈線,桜坂,1,4LDK,132.88,福岡県福岡市中央区桜坂３,https://suumo.jp//ms/chuko/fukuoka/sc_fukuokashichuo/nc_76637785/
76643903,朝日プラザ大濠,3490,43,地下鉄七隈線,六本松,6,3LDK,69.12,福岡県福岡市中央区草香江２-1-20,https://suumo.jp//ms/chuko/fukuoka/sc_fukuokashichuo/nc_76643903/
76653361,グランピアマンション田島,2480,33,地下鉄七隈線,別府,11,3LDK,64.8,福岡県福岡市城南区田島１,https://suumo.jp//ms/chuko/fukuoka/sc_fukuokashijonan/nc_76653361/
76685681,コスモ大手門,3980,24,地下鉄空港線,大濠公園,6,2LDK,61.2,福岡県福岡市中央区大手門２,https://suumo.jp//ms/chuko/fukuoka/sc_fukuokashichuo/nc_76685681/
76687702,大濠ハイツ,1950,49,地下鉄七隈線,六本松,8,3LDK,71.28,福岡県福岡市中央区六本松３-16-28,https://suumo.jp//ms/chuko/fukuoka/sc_fukuokashichuo/nc_76687702/
76692283,コープ野村白金◆☆リフォーム提案可能☆◆,2490,43,地下鉄七隈線,薬院,6,3LDK,64.54,福岡県福岡市中央区白金１,https://suumo.jp//ms/chuko/fukuoka/sc_fukuokashichuo/nc_76692283/
76699252,ライオンズマンシヨン大名,2980,44,地下鉄空港線,赤坂,9,2LDK,56.23,福岡県福岡市中央区大名１,https://suumo.jp//ms/chuko/fukuoka/sc_fukuokashichuo/nc_76699252/
76704753,コアマンション桜坂プレジオ弐番館,7299,25,地下鉄七隈線,桜坂,3,3LDK,90.52,福岡県福岡市中央区六本松３-1-52,https://suumo.jp//ms/chuko/fukuoka/sc_fukuokashichuo/nc_76704753/
76712956,渡辺通カステリア,2600,46,西鉄天神大牟田線,薬院,5,3LDK,69.76,福岡県福岡市中央区渡辺通２,https://suumo.jp//ms/chuko/fukuoka/sc_fukuokashichuo/nc_76712956/
76717784,グランドメゾン大濠公園ザ・タワーレジデンス,6980,5,地下鉄空港線,大濠公園,9,2LDK,52.83,福岡県福岡市中央区荒戸２,https://suumo.jp//ms/chuko/fukuoka/sc_fukuokashichuo/nc_76717784/
76726169,東峰マンション渡辺通◆☆駅近・リノベーション物件☆◆,2550,40,地下鉄七隈線,渡辺通,5,2LDK,55.38,福岡県福岡市中央区春吉２,https://suumo.jp//ms/chuko/fukuoka/sc_fukuokashichuo/nc_76726169/
76727149,東峰マンシヨン渡辺通,2550,40,地下鉄七隈線,渡辺通,5,2LDK,55.38,福岡県福岡市中央区春吉２-16-15,https://suumo.jp//ms/chuko/fukuoka/sc_fukuokashichuo/nc_76727149/
76733469,東峰マンション渡辺通,2550,40,地下鉄七隈線,渡辺通,5,2LDK,55.38,福岡県福岡市中央区春吉２,https://suumo.jp//ms/chuko/fukuoka/sc_fukuokashichuo/nc_76733469/
76733602,天神スカイマンション,950,40,地下鉄空港線,天神,10,2DK,30.26,福岡県福岡市中央区長浜１,https://suumo.jp//ms/chuko/fukuoka/sc_fukuokashichuo/nc_76733602/
76737473,ＭＪＲ桜坂プレシャス　中古マンション,6190,21,地下鉄七隈線,桜坂,3,3LDK,88.95,福岡県福岡市中央区桜坂１,https://suumo.jp//ms/chuko/fukuoka/sc_fukuokashichuo/nc_76737473/
76740343,祖原公園ハウス,1990,43,地下鉄空港線,西新,9,3DK,61.87,福岡県福岡市早良区祖原,https://suumo.jp//ms/chuko/fukuoka/sc_fukuokashisawara/nc_76740343/
76747931,フアミール別府,3397,43,地下鉄七隈線,別府,3,3LDK,81.0,福岡県福岡市城南区別府２,https://suumo.jp//ms/chuko/fukuoka/sc_fukuokashijonan/nc_76747931/
76748960,ＭＪＲ桜坂ザ・レジデンス,9700,7,地下鉄七隈線,桜坂,1,3LDK,89.39,福岡県福岡市中央区桜坂１,https://suumo.jp//ms/chuko/fukuoka/sc_fukuokashichuo/nc_76748960/
76764792,アンピール別府Ⅱ,4580,33,地下鉄七隈線,別府,3,3LDK,66.29,福岡県福岡市城南区別府３,https://suumo.jp//ms/chuko/fukuoka/sc_fukuokashijonan/nc_76764792/
76764793,チサンマンション天神Ⅲ,3880,46,地下鉄空港線,赤坂,2,2LDK,61.01,福岡県福岡市中央区大名２,https://suumo.jp//ms/chuko/fukuoka/sc_fukuokashichuo/nc_76764793/
76772875,朝日プラザ西公園,540,39,地下鉄空港線,大濠公園,5,1K,17.87,福岡県福岡市中央区荒戸２,https://suumo.jp//ms/chuko/fukuoka/sc_fukuokashichuo/nc_76772875/
76773546,アクロス大濠公園プレミアフォート,6650,4,地下鉄空港線,唐人町,1,2LDK,56.17,福岡県福岡市中央区地行１,https://suumo.jp//ms/chuko/fukuoka/sc_fukuokashichuo/nc_76773546/
76778850,エクセレンス谷,2699,47,地下鉄七隈線,六本松,6,3LDK,76.28,福岡県福岡市中央区谷１-16-58,https://suumo.jp//ms/chuko/fukuoka/sc_fukuokashichuo/nc_76778850/
76778964,マンション西公園,1500,52,地下鉄空港線,大濠公園,11,2LDK,63.1,福岡県福岡市中央区西公園,https://suumo.jp//ms/chuko/fukuoka/sc_fukuokashichuo/nc_76778964/
76783580,東峰マンション大宮　101,1999,48,西鉄天神大牟田線,薬院,7,2LDK,56.61,福岡県福岡市中央区大宮１-5-31,https://suumo.jp//ms/chuko/fukuoka/sc_fukuokashichuo/nc_76783580/
76797229,ホワイティ薬院,3280,51,西鉄天神大牟田線,薬院,3,2LDK,65.03,福岡県福岡市中央区薬院１,https://suumo.jp//ms/chuko/fukuoka/sc_fukuokashichuo/nc_76797229/
76799638,オープンレジデンシア天神今泉,4990,3,地下鉄七隈線,薬院大通,6,2LDK,46.28,福岡県福岡市中央区今泉２,https://suumo.jp//ms/chuko/fukuoka/sc_fukuokashichuo/nc_76799638/
76799826,アダージュ薬院弐番館,10500,23,地下鉄七隈線,薬院大通,2,2LDK,91.96,福岡県福岡市中央区薬院２,https://suumo.jp//ms/chuko/fukuoka/sc_fukuokashichuo/nc_76799826/
76802367,オープンレジデンシア天神今泉,4999,3,地下鉄七隈線,薬院大通,6,2LDK,46.01,福岡県福岡市中央区今泉２-4-19,https://suumo.jp//ms/chuko/fukuoka/sc_fukuokashichuo/nc_76802367/
76803162,エテルナ高取II,4980,27,地下鉄空港線,藤崎,9,3LDK,83.06,福岡県福岡市早良区高取１,https://suumo.jp//ms/chuko/fukuoka/sc_fukuokashisawara/nc_76803162/
76807649,アンピール空港駅前,2980,22,地下鉄空港線,福岡空港,14,3LDK,81.4,福岡県糟屋郡志免町別府西３,https://suumo.jp//ms/chuko/fukuoka/sc_kasuyagunshime/nc_76807649/
76808983,グランドヒルズ大濠二丁目,7480,23,地下鉄空港線,唐人町,9,3LDK,97.96,福岡県福岡市中央区大濠２,https://suumo.jp//ms/chuko/fukuoka/sc_fukuokashichuo/nc_76808983/
76809242,パークホームズ西新一丁目,4380,23,地下鉄空港線,西新,5,2LDK,62.64,福岡県福岡市早良区西新１,https://suumo.jp//ms/chuko/fukuoka/sc_fukuokashisawara/nc_76809242/
76809346,シティハウス六本松ツインタワーズ,7190,17,地下鉄七隈線,六本松,3,3LDK,78.3,福岡県福岡市中央区草香江２,https://suumo.jp//ms/chuko/fukuoka/sc_fukuokashichuo/nc_76809346/
76817955,フォレックス桜坂,3890,39,地下鉄七隈線,桜坂,7,1LDK+S（納戸）,76.22,福岡県福岡市中央区桜坂３,https://suumo.jp//ms/chuko/fukuoka/sc_fukuokashichuo/nc_76817955/
76825782,ロマネスク西新,3333,42,地下鉄空港線,西新,6,2LDK,65.96,福岡県福岡市早良区祖原,https://suumo.jp//ms/chuko/fukuoka/sc_fukuokashisawara/nc_76825782/
76825867,グランドメゾン薬院,8490,13,地下鉄七隈線,薬院大通,3,2LDK+S（納戸）,67.76,福岡県福岡市中央区薬院２,https://suumo.jp//ms/chuko/fukuoka/sc_fukuokashichuo/nc_76825867/
76826791,ライオンズマンション薬院第2,3399,46,地下鉄七隈線,薬院大通,6,3LDK,81.48,福岡県福岡市中央区薬院２,https://suumo.jp//ms/chuko/fukuoka/sc_fukuokashichuo/nc_76826791/
76827200,パークハイツ桜坂,2199,49,地下鉄七隈線,桜坂,3,1LDK+S（納戸）,72.0,福岡県福岡市中央区桜坂３-12-78,https://suumo.jp//ms/chuko/fukuoka/sc_fukuokashichuo/nc_76827200/
76835279,パークハイツ桜坂,2299,49,地下鉄七隈線,桜坂,3,1LDK+S（納戸）,72.0,福岡県福岡市中央区桜坂３,https://suumo.jp//ms/chuko/fukuoka/sc_fukuokashichuo/nc_76835279/
76839219,オープンレジデンシア博多住吉,4590,3,地下鉄空港線,博多,10,1LDK,45.81,福岡県福岡市博多区住吉２,https://suumo.jp//ms/chuko/fukuoka/sc_fukuokashihakata/nc_76839219/
76840016,ロマネスク大名,2500,42,地下鉄空港線,赤坂,5,1LDK,49.05,福岡県福岡市中央区大名１-4-24,https://suumo.jp//ms/chuko/fukuoka/sc_fukuokashichuo/nc_76840016/
76842988,アクタス大手門パークシティ,9780,21,地下鉄空港線,赤坂,7,3LDK,93.92,福岡県福岡市中央区大手門１-２－１８,https://suumo.jp//ms/chuko/fukuoka/sc_fukuokashichuo/nc_76842988/
76843489,コアマンションけやき通りプレジオ,12000,24,地下鉄七隈線,六本松,10,3LDK,133.37,福岡県福岡市中央区赤坂３-４－２２,https://suumo.jp//ms/chuko/fukuoka/sc_fukuokashichuo/nc_76843489/
76846723,コープ野村白金,2490,43,地下鉄七隈線,薬院,6,3LDK,64.56,福岡県福岡市中央区白金１-１２－２２,https://suumo.jp//ms/chuko/fukuoka/sc_fukuokashichuo/nc_76846723/
76847713,イトーピア白金,2880,45,地下鉄七隈線,薬院,7,2LDK,75.0,福岡県福岡市中央区白金１,https://suumo.jp//ms/chuko/fukuoka/sc_fukuokashichuo/nc_76847713/
76854691,グランドメゾン大濠公園２０１７,9480,9,地下鉄空港線,大濠公園,4,3LDK,82.14,福岡県福岡市中央区荒戸１,https://suumo.jp//ms/chuko/fukuoka/sc_fukuokashichuo/nc_76854691/
76855110,東峰マンシヨン,2550,40,地下鉄七隈線,渡辺通,5,2LDK,55.38,福岡県福岡市中央区春吉２,https://suumo.jp//ms/chuko/fukuoka/sc_fukuokashichuo/nc_76855110/
76856037,ロワールマンション西公園３,2980,40,地下鉄空港線,大濠公園,8,3LDK,59.3,福岡県福岡市中央区荒戸２,https://suumo.jp//ms/chuko/fukuoka/sc_fukuokashichuo/nc_76856037/
76865566,アンピールリーヴァス天神,3966,28,地下鉄七隈線,渡辺通,6,3LDK,74.75,福岡県福岡市中央区春吉１,https://suumo.jp//ms/chuko/fukuoka/sc_fukuokashichuo/nc_76865566/
76865813,ロイヤルマンション荒江,1880,41,地下鉄七隈線,別府,14,2LDK,59.52,福岡県福岡市城南区荒江１,https://suumo.jp//ms/chuko/fukuoka/sc_fukuokashijonan/nc_76865813/
76873802,グランドメゾン大濠プレイス,7350,14,地下鉄七隈線,六本松,11,2LDK+S（納戸）,88.05,福岡県福岡市中央区鳥飼１,https://suumo.jp//ms/chuko/fukuoka/sc_fukuokashichuo/nc_76873802/
76878764,ロワールマンション西公園３,3080,40,地下鉄空港線,大濠公園,8,3LDK,59.3,福岡県福岡市中央区荒戸２,https://suumo.jp//ms/chuko/fukuoka/sc_fukuokashichuo/nc_76878764/
76882863,ライオンズマンション桜坂シティ,7580,21,地下鉄七隈線,桜坂,1,4LDK,100.53,福岡県福岡市中央区桜坂３,https://suumo.jp//ms/chuko/fukuoka/sc_fukuokashichuo/nc_76882863/
76884410,大濠公園パーク・マンション,6980,35,地下鉄空港線,唐人町,10,3LDK,124.7,福岡県福岡市中央区鳥飼２,https://suumo.jp//ms/chuko/fukuoka/sc_fukuokashichuo/nc_76884410/
76884424,Ｂｒｉｌｌｉａ大濠一丁目,16800,19,地下鉄空港線,唐人町,9,2LDK,121.12,福岡県福岡市中央区大濠１,https://suumo.jp//ms/chuko/fukuoka/sc_fukuokashichuo/nc_76884424/
76884447,グランドメゾン百道プレイス,13524,10,地下鉄空港線,藤崎,3,3LDK,95.42,福岡県福岡市早良区百道２,https://suumo.jp//ms/chuko/fukuoka/sc_fukuokashisawara/nc_76884447/
76888146,パークハウス天神今泉,17200,6,地下鉄七隈線,薬院大通,8,2LDK,104.72,福岡県福岡市中央区今泉２-2番1号,https://suumo.jp//ms/chuko/fukuoka/sc_fukuokashichuo/nc_76888146/
76890101,朝日プラザ大濠Ⅱ,1260,42,地下鉄七隈線,六本松,5,2DK,45.76,福岡県福岡市中央区草香江１,https://suumo.jp//ms/chuko/fukuoka/sc_fukuokashichuo/nc_76890101/
76893703,ＫＢＣマンションユーハイム室見,2218,41,地下鉄空港線,藤崎,15,3LDK,61.46,福岡県福岡市早良区室見５,https://suumo.jp//ms/chuko/fukuoka/sc_fukuokashisawara/nc_76893703/
76895499,朝日プラザ大濠　中古マンション,3490,43,地下鉄七隈線,六本松,6,3LDK,69.12,福岡県福岡市中央区草香江２,https://suumo.jp//ms/chuko/fukuoka/sc_fukuokashichuo/nc_76895499/
76897609,コモダス奈良屋,3900,25,地下鉄空港線,中洲川端,7,3LDK,76.84,福岡県福岡市博多区奈良屋町,https://suumo.jp//ms/chuko/fukuoka/sc_fukuokashihakata/nc_76897609/
76897620,ダイアパレス薬院,2099,42,地下鉄七隈線,薬院大通,6,2DK,40.95,福岡県福岡市中央区薬院２-2,https://suumo.jp//ms/chuko/fukuoka/sc_fukuokashichuo/nc_76897620/
76900886,ライオンズマンション桜坂シティ,5580,21,地下鉄七隈線,桜坂,1,3LDK,76.22,福岡県福岡市中央区桜坂３,https://suumo.jp//ms/chuko/fukuoka/sc_fukuokashichuo/nc_76900886/
76906370,三愛シティライフ博多駅東,2100,37,地下鉄空港線,東比恵,11,1LDK+S（納戸）,61.1,福岡県福岡市博多区東光２,https://suumo.jp//ms/chuko/fukuoka/sc_fukuokashihakata/nc_76906370/
76908750,ライオンズマンション薬院第２,3499,46,地下鉄七隈線,薬院大通,5,3LDK,81.48,福岡県福岡市中央区薬院２,https://suumo.jp//ms/chuko/fukuoka/sc_fukuokashichuo/nc_76908750/
76910800,ロワールマンション西公園3,3080,40,地下鉄空港線,大濠公園,6,3LDK,59.3,福岡県福岡市中央区荒戸２,https://suumo.jp//ms/chuko/fukuoka/sc_fukuokashichuo/nc_76910800/
76912059,東峰マンションハイツ今川,2899,47,地下鉄空港線,唐人町,4,2LDK,66.96,福岡県福岡市中央区今川１,https://suumo.jp//ms/chuko/fukuoka/sc_fukuokashichuo/nc_76912059/
76922353,アメックス大濠公園,4980,22,地下鉄空港線,大濠公園,3,3LDK,71.49,福岡県福岡市中央区荒戸１-5－6,https://suumo.jp//ms/chuko/fukuoka/sc_fukuokashichuo/nc_76922353/
76923114,グランドメゾン大手門ザ・レジデンス,44800,2,地下鉄空港線,大濠公園,6,3LDK,185.22,福岡県福岡市中央区大手門２,https://suumo.jp//ms/chuko/fukuoka/sc_fukuokashichuo/nc_76923114/
76923375,ザ・パークハウス藤崎紅葉山,6180,5,地下鉄空港線,藤崎,10,3LDK,70.16,福岡県福岡市早良区昭代３,https://suumo.jp//ms/chuko/fukuoka/sc_fukuokashisawara/nc_76923375/
76923377,ロイヤルアーク西新,3780,32,地下鉄空港線,西新,9,3LDK,69.46,福岡県福岡市早良区城西２,https://suumo.jp//ms/chuko/fukuoka/sc_fukuokashisawara/nc_76923377/
76923428,パーク・サンリヤン博多の森,4280,21,地下鉄空港線,福岡空港,12,3LDK,99.56,福岡県糟屋郡志免町別府西２,https://suumo.jp//ms/chuko/fukuoka/sc_kasuyagunshime/nc_76923428/
76926555,東峰マンション渡辺通,2599,40,地下鉄七隈線,渡辺通,5,2LDK,55.38,福岡県福岡市中央区春吉２,https://suumo.jp//ms/chuko/fukuoka/sc_fukuokashichuo/nc_76926555/
76930606,ロマネスク博多駅前,880,35,ＪＲ鹿児島本線,博多,13,ワンルーム,21.6,福岡県福岡市博多区博多駅前４,https://suumo.jp//ms/chuko/fukuoka/sc_fukuokashihakata/nc_76930606/
76933208,ロマネスク薬院,2750,46,地下鉄七隈線,薬院大通,4,3LDK,75.15,福岡県福岡市中央区薬院４,https://suumo.jp//ms/chuko/fukuoka/sc_fukuokashichuo/nc_76933208/
76935520,グランフォーレ西新,2690,20,地下鉄空港線,西新,6,1LDK,40.05,福岡県福岡市早良区城西１,https://suumo.jp//ms/chuko/fukuoka/sc_fukuokashisawara/nc_76935520/
76939199,東急ドエルアルス赤坂,4690,44,地下鉄空港線,赤坂,11,3LDK,76.41,福岡県福岡市中央区赤坂２,https://suumo.jp//ms/chuko/fukuoka/sc_fukuokashichuo/nc_76939199/
76943697,パークスタイル・ザ・シェイプ,5980,18,地下鉄七隈線,別府,7,3LDK,75.36,福岡県福岡市城南区鳥飼５,https://suumo.jp//ms/chuko/fukuoka/sc_fukuokashijonan/nc_76943697/
76946211,博多ニッコーハイツ,1980,47,地下鉄空港線,東比恵,7,3LDK,62.91,福岡県福岡市博多区博多駅東３,https://suumo.jp//ms/chuko/fukuoka/sc_fukuokashihakata/nc_76946211/
76946854,秀和警固レジデンス,2480,52,地下鉄空港線,赤坂,9,1LDK+S（納戸）,54.88,福岡県福岡市中央区警固２,https://suumo.jp//ms/chuko/fukuoka/sc_fukuokashichuo/nc_76946854/
76961069,クリオ渡辺通アーバンマークス,5780,3,地下鉄七隈線,渡辺通,10,2LDK,62.45,福岡県福岡市中央区清川２,https://suumo.jp//ms/chuko/fukuoka/sc_fukuokashichuo/nc_76961069/
76961888,ＪＧＭマキシム藤崎,4980,29,地下鉄空港線,藤崎,4,4LDK,88.54,福岡県福岡市早良区弥生１,https://suumo.jp//ms/chuko/fukuoka/sc_fukuokashisawara/nc_76961888/
76961896,レーベン福岡天神ＯＮＥ　ＴＯＷＥＲ,7580,2,地下鉄空港線,天神,7,1LDK,66.26,福岡県福岡市中央区天神５,https://suumo.jp//ms/chuko/fukuoka/sc_fukuokashichuo/nc_76961896/
76961897,レーベン福岡天神　ＯＮＥ　ＴＯＷＥＲ,19900,2,地下鉄空港線,天神,7,2LDK,102.74,福岡県福岡市中央区天神５,https://suumo.jp//ms/chuko/fukuoka/sc_fukuokashichuo/nc_76961897/
76964328,シティマンション平尾,2480,42,地下鉄七隈線,薬院,12,2LDK,55.0,福岡県福岡市中央区平尾２,https://suumo.jp//ms/chuko/fukuoka/sc_fukuokashichuo/nc_76964328/
76965548,祖原サンハイツ　401,2699,48,地下鉄空港線,西新,10,2LDK,80.14,福岡県福岡市早良区昭代１-6-5,https://suumo.jp//ms/chuko/fukuoka/sc_fukuokashisawara/nc_76965548/
76972933,ダイアパレス薬院,1450,42,地下鉄七隈線,薬院大通,2,1LDK,36.37,福岡県福岡市中央区薬院２,https://suumo.jp//ms/chuko/fukuoka/sc_fukuokashichuo/nc_76972933/
76973222,ザ・パークハウス赤坂タワーレジデンス,7300,7,地下鉄空港線,赤坂,7,2LDK,72.57,福岡県福岡市中央区長浜２,https://suumo.jp//ms/chuko/fukuoka/sc_fukuokashichuo/nc_76973222/
76981665,コープオリンピア平尾,2380,44,西鉄天神大牟田線,薬院,14,2LDK,55.18,福岡県福岡市中央区白金２-11-30,https://suumo.jp//ms/chuko/fukuoka/sc_fukuokashichuo/nc_76981665/
76982906,アンピール百年橋,3699,31,地下鉄七隈線,渡辺通,15,3LDK,70.11,福岡県福岡市中央区清川３-9-23,https://suumo.jp//ms/chuko/fukuoka/sc_fukuokashichuo/nc_76982906/
76985079,ブライトパーク・サンリヤン地行II番館,5880,14,地下鉄空港線,西新,8,3LDK,83.08,福岡県福岡市中央区地行３,https://suumo.jp//ms/chuko/fukuoka/sc_fukuokashichuo/nc_76985079/
76985080,エクレール平尾,4898,30,西鉄天神大牟田線,薬院,8,4LDK,83.35,福岡県福岡市中央区平尾１,https://suumo.jp//ms/chuko/fukuoka/sc_fukuokashichuo/nc_76985080/
76987925,シティマンション大名,2800,39,地下鉄空港線,赤坂,6,1LDK+S（納戸）,49.97,福岡県福岡市中央区大名１-9-14,https://suumo.jp//ms/chuko/fukuoka/sc_fukuokashichuo/nc_76987925/
76988797,アクタス博多アネックス,3680,16,地下鉄空港線,中洲川端,9,2LDK,52.03,福岡県福岡市博多区中呉服町,https://suumo.jp//ms/chuko/fukuoka/sc_fukuokashihakata/nc_76988797/
76991990,ダイアパレスプレッソけやき通り,5580,30,地下鉄七隈線,薬院大通,8,3LDK,72.27,福岡県福岡市中央区薬院２,https://suumo.jp//ms/chuko/fukuoka/sc_fukuokashichuo/nc_76991990/
76992187,エバーライフ東平尾公園2　210　マンション,2890,31,地下鉄空港線,福岡空港,14,3LDK,66.63,福岡県福岡市博多区青木１,https://suumo.jp//ms/chuko/fukuoka/sc_fukuokashihakata/nc_76992187/
76993707,サングレート平尾山荘,8000,8,地下鉄七隈線,薬院大通,15,2LDK,83.36,福岡県福岡市中央区平尾５,https://suumo.jp//ms/chuko/fukuoka/sc_fukuokashichuo/nc_76993707/
76995231,ライオンズマンション大名,1480,44,地下鉄空港線,赤坂,9,1K,32.11,福岡県福岡市中央区大名１-2-20,https://suumo.jp//ms/chuko/fukuoka/sc_fukuokashichuo/nc_76995231/
76998102,ダイアパレス西新南,2980,30,地下鉄空港線,西新,15,3LDK,70.56,福岡県福岡市早良区荒江２,https://suumo.jp//ms/chuko/fukuoka/sc_fukuokashisawara/nc_76998102/
77002522,オープンレジデンシア渡辺通南,5190,2,地下鉄七隈線,渡辺通,10,2LDK,52.27,福岡県福岡市中央区清川２,https://suumo.jp//ms/chuko/fukuoka/sc_fukuokashichuo/nc_77002522/
77006480,日商岩井新福陵マンション２号棟,1680,48,地下鉄空港線,藤崎,14,4LDK,83.19,福岡県福岡市早良区荒江３,https://suumo.jp//ms/chuko/fukuoka/sc_fukuokashisawara/nc_77006480/
77008208,サンポートハイツ,4350,52,地下鉄空港線,大濠公園,8,1LDK,67.47,福岡県福岡市中央区港２-5-32,https://suumo.jp//ms/chuko/fukuoka/sc_fukuokashichuo/nc_77008208/
77008259,赤坂パインマンション,4399,45,地下鉄空港線,赤坂,7,4LDK,86.1,福岡県福岡市中央区赤坂１,https://suumo.jp//ms/chuko/fukuoka/sc_fukuokashichuo/nc_77008259/
77013692,シーサイドももちヴェルデコート２番館,4490,37,地下鉄空港線,藤崎,13,4LDK,91.01,福岡県福岡市早良区百道浜３,https://suumo.jp//ms/chuko/fukuoka/sc_fukuokashisawara/nc_77013692/
77016489,ヒルズ平尾,5200,28,地下鉄七隈線,薬院大通,14,4LDK,93.25,福岡県福岡市中央区平尾４-11-9,https://suumo.jp//ms/chuko/fukuoka/sc_fukuokashichuo/nc_77016489/
77020426,ライオンズマンション高砂,2599,48,地下鉄七隈線,渡辺通,7,3DK,55.69,福岡県福岡市中央区高砂１,https://suumo.jp//ms/chuko/fukuoka/sc_fukuokashichuo/nc_77020426/
77020435,ソピア大濠西,4999,27,地下鉄空港線,西新,9,2LDK+S（納戸）,69.33,福岡県福岡市中央区鳥飼３,https://suumo.jp//ms/chuko/fukuoka/sc_fukuokashichuo/nc_77020435/
77020521,平尾山荘マンション,948,52,地下鉄七隈線,薬院大通,15,2DK,40.63,福岡県福岡市中央区平尾５,https://suumo.jp//ms/chuko/fukuoka/sc_fukuokashichuo/nc_77020521/
77021129,ブリリアタワー西新,21500,5,地下鉄空港線,西新,1,3LDK,99.1,福岡県福岡市早良区西新４-1－1,https://suumo.jp//ms/chuko/fukuoka/sc_fukuokashisawara/nc_77021129/
77022991,エバーライフ東平尾公園２,2890,31,地下鉄空港線,福岡空港,14,3DK,66.63,福岡県福岡市博多区青木１,https://suumo.jp//ms/chuko/fukuoka/sc_fukuokashihakata/nc_77022991/
77024646,クレアランドマーク,6499,25,地下鉄空港線,祇園,3,2LDK,73.65,福岡県福岡市博多区冷泉町,https://suumo.jp//ms/chuko/fukuoka/sc_fukuokashihakata/nc_77024646/
77025444,エバーライフ東平尾公園2,2890,31,地下鉄空港線,福岡空港,14,3LDK,66.63,福岡県福岡市博多区青木１-17-1,https://suumo.jp//ms/chuko/fukuoka/sc_fukuokashihakata/nc_77025444/
77026891,デュ・レジア平尾プレミアム　　【山下】,5780,2,西鉄天神大牟田線,薬院,14,1LDK,52.46,福岡県福岡市中央区平尾２,https://suumo.jp//ms/chuko/fukuoka/sc_fukuokashichuo/nc_77026891/
77028806,ライオンズマンション薬院第2,3499,46,地下鉄七隈線,薬院大通,5,3LDK,81.48,福岡県福岡市中央区薬院２,https://suumo.jp//ms/chuko/fukuoka/sc_fukuokashichuo/nc_77028806/
77030098,ユーハイム室見◆☆全室改装済み・価格改定☆◆,2218,41,地下鉄空港線,藤崎,14,3LDK,61.46,福岡県福岡市早良区室見５,https://suumo.jp//ms/chuko/fukuoka/sc_fukuokashisawara/nc_77030098/
77030494,ロマネスク西公園第５,4280,35,地下鉄空港線,大濠公園,6,3LDK,78.18,福岡県福岡市中央区荒戸２,https://suumo.jp//ms/chuko/fukuoka/sc_fukuokashichuo/nc_77030494/
77030896,パークハウス赤坂ヴェルシア,4820,19,地下鉄七隈線,六本松,8,3LDK,75.62,福岡県福岡市中央区六本松３,https://suumo.jp//ms/chuko/fukuoka/sc_fukuokashichuo/nc_77030896/
77030897,グランドメゾン鳥飼,5180,26,地下鉄七隈線,別府,8,2LDK,77.36,福岡県福岡市城南区鳥飼６,https://suumo.jp//ms/chuko/fukuoka/sc_fukuokashijonan/nc_77030897/
77033220,エクセレンス谷,3080,47,地下鉄七隈線,桜坂,6,2LDK,76.28,福岡県福岡市中央区谷１-16-58,https://suumo.jp//ms/chuko/fukuoka/sc_fukuokashichuo/nc_77033220/
77040138,ＭＪＲ鳥飼,5280,22,地下鉄七隈線,別府,11,4LDK,90.44,福岡県福岡市城南区鳥飼４,https://suumo.jp//ms/chuko/fukuoka/sc_fukuokashijonan/nc_77040138/
77041174,ネクサス大濠翠邸,6900,12,地下鉄七隈線,六本松,10,3LDK,74.33,福岡県福岡市中央区草香江２,https://suumo.jp//ms/chuko/fukuoka/sc_fukuokashichuo/nc_77041174/
77041176,ロイヤルマンションユトリテ別府,3980,25,地下鉄七隈線,別府,7,3LDK,90.01,福岡県福岡市城南区田島２,https://suumo.jp//ms/chuko/fukuoka/sc_fukuokashijonan/nc_77041176/
77049697,赤坂パインマンション,4399,45,地下鉄空港線,赤坂,7,3LDK,86.1,福岡県福岡市中央区赤坂１,https://suumo.jp//ms/chuko/fukuoka/sc_fukuokashichuo/nc_77049697/
77054801,イトーピア天神東,2080,34,地下鉄空港線,中洲川端,11,1LDK,40.23,福岡県福岡市博多区対馬小路11-3,https://suumo.jp//ms/chuko/fukuoka/sc_fukuokashihakata/nc_77054801/
77058205,マンション鳥飼,1330,53,地下鉄七隈線,別府,10,2LDK,65.54,福岡県福岡市中央区鳥飼１-3-19,https://suumo.jp//ms/chuko/fukuoka/sc_fukuokashichuo/nc_77058205/
77058404,ロワールマンション大名,2880,46,地下鉄空港線,赤坂,6,2LDK,68.04,福岡県福岡市中央区大名１,https://suumo.jp//ms/chuko/fukuoka/sc_fukuokashichuo/nc_77058404/
77060421,イトーピア天神東,1980,34,地下鉄空港線,中洲川端,11,1LDK,40.23,福岡県福岡市博多区対馬小路,https://suumo.jp//ms/chuko/fukuoka/sc_fukuokashihakata/nc_77060421/
77060498,インプレスト天神オークタワー,5860,6,地下鉄空港線,赤坂,9,2LDK,61.28,福岡県福岡市中央区長浜２,https://suumo.jp//ms/chuko/fukuoka/sc_fukuokashichuo/nc_77060498/
77061972,渡辺通カステリア,2580,46,地下鉄七隈線,渡辺通,4,1LDK,69.76,福岡県福岡市中央区渡辺通２-3-8,https://suumo.jp//ms/chuko/fukuoka/sc_fukuokashichuo/nc_77061972/
77062192,ライオンズマンション天神南,1880,34,地下鉄空港線,天神,8,1DK,33.6,福岡県福岡市中央区今泉２,https://suumo.jp//ms/chuko/fukuoka/sc_fukuokashichuo/nc_77062192/
77062301,エバーライフ東平尾公園２,2890,31,地下鉄空港線,福岡空港,15,3LDK+S（納戸）,66.63,福岡県福岡市博多区青木１-17-1,https://suumo.jp//ms/chuko/fukuoka/sc_fukuokashihakata/nc_77062301/
77063371,シーサイドももちアクアコート10番館,5360,33,地下鉄空港線,藤崎,12,4LDK,98.04,福岡県福岡市早良区百道浜３,https://suumo.jp//ms/chuko/fukuoka/sc_fukuokashisawara/nc_77063371/
77071171,エバーライフ東平尾公園２,2890,31,地下鉄空港線,福岡空港,14,3LDK,66.63,福岡県福岡市博多区青木１,https://suumo.jp//ms/chuko/fukuoka/sc_fukuokashihakata/nc_77071171/
77074026,シャンボール第二平尾,2280,45,地下鉄七隈線,薬院,12,2LDK,55.21,福岡県福岡市中央区平尾２,https://suumo.jp//ms/chuko/fukuoka/sc_fukuokashichuo/nc_77074026/
77079289,ダイアパレス輝国,2680,45,地下鉄七隈線,六本松,9,3LDK,90.2,福岡県福岡市中央区輝国２,https://suumo.jp//ms/chuko/fukuoka/sc_fukuokashichuo/nc_77079289/
77079407,アンピール祇園駅,5199,29,地下鉄空港線,祇園,4,3LDK,64.74,福岡県福岡市博多区冷泉町,https://suumo.jp//ms/chuko/fukuoka/sc_fukuokashihakata/nc_77079407/
77082011,エバーライフ東平尾公園II,2890,31,地下鉄空港線,福岡空港,13,3LDK,66.63,福岡県福岡市博多区青木１,https://suumo.jp//ms/chuko/fukuoka/sc_fukuokashihakata/nc_77082011/
77084553,ハイラーク舞鶴,3599,46,地下鉄空港線,赤坂,6,2LDK,65.88,福岡県福岡市中央区舞鶴１,https://suumo.jp//ms/chuko/fukuoka/sc_fukuokashichuo/nc_77084553/
77086016,ザ・パークハウス天神今泉,9350,6,地下鉄七隈線,薬院大通,6,3LDK+S（納戸）,81.7,福岡県福岡市中央区今泉２-2番1号,https://suumo.jp//ms/chuko/fukuoka/sc_fukuokashichuo/nc_77086016/
77087202,エフグラン室見,6480,7,地下鉄空港線,藤崎,5,3LDK,75.59,福岡県福岡市早良区室見２,https://suumo.jp//ms/chuko/fukuoka/sc_fukuokashisawara/nc_77087202/
77089504,ルッシュ・西公園,7480,36,地下鉄空港線,大濠公園,11,3LDK,101.94,福岡県福岡市中央区荒戸３,https://suumo.jp//ms/chuko/fukuoka/sc_fukuokashichuo/nc_77089504/
77091484,アルテマインド昭代,5980,5,地下鉄空港線,藤崎,9,3LDK,72.37,福岡県福岡市早良区昭代３,https://suumo.jp//ms/chuko/fukuoka/sc_fukuokashisawara/nc_77091484/
77096988,ライオンズマンション高砂,2599,48,地下鉄七隈線,薬院,8,2LDK,55.69,福岡県福岡市中央区高砂１,https://suumo.jp//ms/chuko/fukuoka/sc_fukuokashichuo/nc_77096988/
77096989,オープンレジデンシア渡辺通,6280,5,地下鉄七隈線,渡辺通,6,2LDK,66.02,福岡県福岡市中央区清川１,https://suumo.jp//ms/chuko/fukuoka/sc_fukuokashichuo/nc_77096989/
77098070,ジャルダン大濠,3380,45,地下鉄七隈線,六本松,5,2LDK,73.26,福岡県福岡市中央区草香江２,https://suumo.jp//ms/chuko/fukuoka/sc_fukuokashichuo/nc_77098070/
77104570,シーサイドももちヴェルデコート６番館,4660,35,地下鉄空港線,藤崎,11,3LDK,88.99,福岡県福岡市早良区百道浜３,https://suumo.jp//ms/chuko/fukuoka/sc_fukuokashisawara/nc_77104570/
77104572,ロマネスク大名,2470,42,地下鉄空港線,赤坂,8,1LDK,49.05,福岡県福岡市中央区大名１,https://suumo.jp//ms/chuko/fukuoka/sc_fukuokashichuo/nc_77104572/
77105241,朝日プラザ大濠Ⅱ◆☆駅近・全室リフォーム済み物件☆◆…,1880,42,地下鉄七隈線,六本松,3,1LDK,44.28,福岡県福岡市中央区草香江１,https://suumo.jp//ms/chuko/fukuoka/sc_fukuokashichuo/nc_77105241/
77105763,ザ・ライオンズ大濠公園,5780,2,地下鉄空港線,大濠公園,2,2LDK,43.86,福岡県福岡市中央区荒戸１,https://suumo.jp//ms/chuko/fukuoka/sc_fukuokashichuo/nc_77105763/
77109061,エバーライフ桜坂,2660,47,地下鉄七隈線,桜坂,7,4LDK,94.2,福岡県福岡市中央区桜坂３,https://suumo.jp//ms/chuko/fukuoka/sc_fukuokashichuo/nc_77109061/
77114514,グランドメゾン赤坂門,28000,21,地下鉄空港線,赤坂,4,3LDK,129.95,福岡県福岡市中央区赤坂１,https://suumo.jp//ms/chuko/fukuoka/sc_fukuokashichuo/nc_77114514/
77117323,日商岩井弥生マンション,1380,47,地下鉄空港線,藤崎,12,4LDK,87.49,福岡県福岡市早良区原１-41-1,https://suumo.jp//ms/chuko/fukuoka/sc_fukuokashisawara/nc_77117323/
77122398,サングレート薬院駅ロイヤルウィン,5650,23,西鉄天神大牟田線,薬院,5,4LDK,79.56,福岡県福岡市中央区平尾１,https://suumo.jp//ms/chuko/fukuoka/sc_fukuokashichuo/nc_77122398/
77122478,クリオ渡辺通アーバンマークス,5090,3,地下鉄七隈線,渡辺通,10,2LDK,53.94,福岡県福岡市中央区清川２,https://suumo.jp//ms/chuko/fukuoka/sc_fukuokashichuo/nc_77122478/
77124541,グランドパレス百道,8380,4,地下鉄空港線,藤崎,8,3LDK,76.89,福岡県福岡市早良区百道３,https://suumo.jp//ms/chuko/fukuoka/sc_fukuokashisawara/nc_77124541/
77125756,百道タワー,9480,22,地下鉄空港線,西新,12,3LDK,96.03,福岡県福岡市早良区百道浜１-2-6,https://suumo.jp//ms/chuko/fukuoka/sc_fukuokashisawara/nc_77125756/
77127485,コアマンションルネス呉服町,6980,23,地下鉄空港線,祇園,9,3LDK,90.82,福岡県福岡市博多区上呉服町,https://suumo.jp//ms/chuko/fukuoka/sc_fukuokashihakata/nc_77127485/
77130947,ロイヤルマンション別府,3120,40,地下鉄七隈線,別府,4,2LDK+S（納戸）,63.0,福岡県福岡市城南区別府３-1-11,https://suumo.jp//ms/chuko/fukuoka/sc_fukuokashijonan/nc_77130947/
77132436,スバルマンション薬院,2680,47,地下鉄七隈線,薬院大通,8,2LDK,63.76,福岡県福岡市中央区薬院２,https://suumo.jp//ms/chuko/fukuoka/sc_fukuokashichuo/nc_77132436/
77134051,グランドメゾン浄水ガーデンシティ　セントラルフォレス…,17800,4,地下鉄七隈線,薬院大通,5,3LDK,100.01,福岡県福岡市中央区薬院４,https://suumo.jp//ms/chuko/fukuoka/sc_fukuokashichuo/nc_77134051/
77135247,ガーデンハイツ大濠,2498,41,地下鉄七隈線,六本松,9,3LDK,64.6,福岡県福岡市中央区草香江１,https://suumo.jp//ms/chuko/fukuoka/sc_fukuokashichuo/nc_77135247/
77135258,アーバンパレスアクス大濠,7480,31,地下鉄空港線,大濠公園,7,3LDK,96.31,福岡県福岡市中央区荒戸３,https://suumo.jp//ms/chuko/fukuoka/sc_fukuokashichuo/nc_77135258/
77137456,スバルマンション薬院,2680,47,地下鉄七隈線,薬院大通,6,2LDK,62.35,福岡県福岡市中央区薬院２-18-13,https://suumo.jp//ms/chuko/fukuoka/sc_fukuokashichuo/nc_77137456/
77142062,コアマンションルネス呉服町,6980,23,地下鉄空港線,祇園,9,3LDK+S（納戸）,90.82,福岡県福岡市博多区上呉服町11-26,https://suumo.jp//ms/chuko/fukuoka/sc_fukuokashihakata/nc_77142062/
77142615,チサンマンション第三博多,1980,52,地下鉄七隈線,薬院大通,3,1LDK,50.4,福岡県福岡市中央区薬院２,https://suumo.jp//ms/chuko/fukuoka/sc_fukuokashichuo/nc_77142615/
77143666,エバーライフ東平尾公園2,1990,31,地下鉄空港線,福岡空港,14,2LDK,64.39,福岡県福岡市博多区青木１,https://suumo.jp//ms/chuko/fukuoka/sc_fukuokashihakata/nc_77143666/
77151803,ル・サンク大濠公園,7150,6,地下鉄空港線,大濠公園,8,2LDK,72.11,福岡県福岡市中央区大手門２,https://suumo.jp//ms/chuko/fukuoka/sc_fukuokashichuo/nc_77151803/
77153830,グランピア山荘通り,5580,36,地下鉄七隈線,薬院大通,15,3LDK,104.91,福岡県福岡市中央区平尾５,https://suumo.jp//ms/chuko/fukuoka/sc_fukuokashichuo/nc_77153830/
77157079,トラスト大濠公園ティアス,4620,14,地下鉄空港線,唐人町,7,2LDK,55.5,福岡県福岡市中央区荒戸３,https://suumo.jp//ms/chuko/fukuoka/sc_fukuokashichuo/nc_77157079/
77157332,ピュアドーム博多リバーサイド,3498,20,地下鉄七隈線,渡辺通,10,2DK+S（納戸）,54.81,福岡県福岡市博多区美野島１-26－1,https://suumo.jp//ms/chuko/fukuoka/sc_fukuokashihakata/nc_77157332/
77157833,日商岩井レジオン大濠,5780,29,地下鉄空港線,唐人町,1,3LDK,72.05,福岡県福岡市中央区黒門,https://suumo.jp//ms/chuko/fukuoka/sc_fukuokashichuo/nc_77157833/
77159240,唐人町パークハウス,9380,26,地下鉄空港線,唐人町,2,3LDK+S（納戸）,140.4,福岡県福岡市中央区唐人町１-１０－１,https://suumo.jp//ms/chuko/fukuoka/sc_fukuokashichuo/nc_77159240/
77159347,天神ロイヤルハイツ,5780,45,地下鉄空港線,天神,10,3LDK,102.71,福岡県福岡市中央区天神５,https://suumo.jp//ms/chuko/fukuoka/sc_fukuokashichuo/nc_77159347/
77159544,南薬院パークマンション,2880,41,地下鉄七隈線,薬院大通,5,3LDK,72.08,福岡県福岡市中央区薬院２-12-3,https://suumo.jp//ms/chuko/fukuoka/sc_fukuokashichuo/nc_77159544/
77160455,オープンレジデンシア薬院南,3170,4,地下鉄七隈線,薬院,9,1LDK,34.54,福岡県福岡市中央区平尾３,https://suumo.jp//ms/chuko/fukuoka/sc_fukuokashichuo/nc_77160455/
77162695,平尾ハウス,2698,46,地下鉄七隈線,薬院,8,3LDK+S（納戸）,79.05,福岡県福岡市中央区平尾１,https://suumo.jp//ms/chuko/fukuoka/sc_fukuokashichuo/nc_77162695/
77167167,アクセス別府リバーサイド　中古マンション,3780,23,地下鉄七隈線,別府,12,4LDK,83.87,福岡県福岡市城南区田島１,https://suumo.jp//ms/chuko/fukuoka/sc_fukuokashijonan/nc_77167167/
77172596,パソナール博多,880,53,地下鉄空港線,中洲川端,15,ワンルーム,30.43,福岡県福岡市博多区神屋町,https://suumo.jp//ms/chuko/fukuoka/sc_fukuokashihakata/nc_77172596/
77174710,ライオンズマンシヨン薬院中央,2480,41,地下鉄七隈線,薬院大通,4,1LDK+S（納戸）,57.72,福岡県福岡市中央区薬院２-５－２６,https://suumo.jp//ms/chuko/fukuoka/sc_fukuokashichuo/nc_77174710/
77175271,コープ東薬院　リノベーション済　駅近,2850,46,西鉄天神大牟田線,薬院,6,3LDK,69.92,福岡県福岡市中央区高砂１-20-25,https://suumo.jp//ms/chuko/fukuoka/sc_fukuokashichuo/nc_77175271/
77177571,ジョイナス天神タワー　～空き家内覧可能です～,2950,29,地下鉄空港線,中洲川端,11,2LDK,56.14,福岡県福岡市博多区対馬小路,https://suumo.jp//ms/chuko/fukuoka/sc_fukuokashihakata/nc_77177571/
77177602,グランピアマンション田島,2899,33,地下鉄七隈線,別府,11,3LDK,64.8,福岡県福岡市城南区田島１-6-1,https://suumo.jp//ms/chuko/fukuoka/sc_fukuokashijonan/nc_77177602/
77177705,ロマネスク今川第２,4200,28,地下鉄空港線,西新,6,3LDK,84.08,福岡県福岡市中央区今川２,https://suumo.jp//ms/chuko/fukuoka/sc_fukuokashichuo/nc_77177705/
77177706,御所ヶ谷グランドヒルズ,5180,24,地下鉄七隈線,桜坂,8,3LDK,80.47,福岡県福岡市中央区御所ヶ谷,https://suumo.jp//ms/chuko/fukuoka/sc_fukuokashichuo/nc_77177706/
77177986,シティタワー大濠,9300,26,地下鉄七隈線,六本松,8,4LDK,99.5,福岡県福岡市中央区六本松３,https://suumo.jp//ms/chuko/fukuoka/sc_fukuokashichuo/nc_77177986/
77180376,ハイムニュー桜坂,2380,51,地下鉄七隈線,桜坂,4,3LDK,66.0,福岡県福岡市中央区桜坂３,https://suumo.jp//ms/chuko/fukuoka/sc_fukuokashichuo/nc_77180376/
77184578,ダイアパレス大手門,2130,42,地下鉄空港線,大濠公園,5,2LDK,48.99,福岡県福岡市中央区港２,https://suumo.jp//ms/chuko/fukuoka/sc_fukuokashichuo/nc_77184578/
77185593,ロワールマンション西公園3,3180,40,地下鉄空港線,大濠公園,6,1LDK,51.66,福岡県福岡市中央区荒戸２,https://suumo.jp//ms/chuko/fukuoka/sc_fukuokashichuo/nc_77185593/
77186040,アクロス天神センタープラザ,4450,21,地下鉄七隈線,渡辺通,6,2LDK,61.61,福岡県福岡市中央区渡辺通３,https://suumo.jp//ms/chuko/fukuoka/sc_fukuokashichuo/nc_77186040/
77192306,グランドメゾン大濠南,8370,25,地下鉄七隈線,六本松,2,4LDK,98.79,福岡県福岡市中央区草香江２,https://suumo.jp//ms/chuko/fukuoka/sc_fukuokashichuo/nc_77192306/
77192946,藤和コープソシエ大名,2800,47,地下鉄七隈線,天神南,8,1LDK,58.91,福岡県福岡市中央区大名１,https://suumo.jp//ms/chuko/fukuoka/sc_fukuokashichuo/nc_77192946/
77193846,エンクレスト博多PREMIER,4800,11,地下鉄七隈線,櫛田神社前,8,2LDK,56.21,福岡県福岡市博多区住吉２,https://suumo.jp//ms/chuko/fukuoka/sc_fukuokashihakata/nc_77193846/
77193847,エンクレスト博多PREMIER,4950,11,地下鉄七隈線,櫛田神社前,8,2LDK,56.03,福岡県福岡市博多区住吉２,https://suumo.jp//ms/chuko/fukuoka/sc_fukuokashihakata/nc_77193847/
77194716,ライオンズマンシヨン桜坂,3998,43,地下鉄七隈線,桜坂,5,3LDK,106.6,福岡県福岡市中央区桜坂３,https://suumo.jp//ms/chuko/fukuoka/sc_fukuokashichuo/nc_77194716/
77197222,パーク・コート藤崎,4080,28,地下鉄空港線,藤崎,13,3LDK,76.71,福岡県福岡市早良区昭代３,https://suumo.jp//ms/chuko/fukuoka/sc_fukuokashisawara/nc_77197222/
77199832,西新ビル,1850,54,地下鉄空港線,藤崎,5,2LDK,60.8,福岡県福岡市早良区高取１,https://suumo.jp//ms/chuko/fukuoka/sc_fukuokashisawara/nc_77199832/
77200274,パークレオ大濠,14000,25,地下鉄空港線,唐人町,10,3LDK+S（納戸）,105.61,福岡県福岡市中央区大濠１,https://suumo.jp//ms/chuko/fukuoka/sc_fukuokashichuo/nc_77200274/
77200655,サングレート博多ロイヤルレジデンス,8350,9,地下鉄空港線,東比恵,2,2LDK,87.56,福岡県福岡市博多区東比恵１,https://suumo.jp//ms/chuko/fukuoka/sc_fukuokashihakata/nc_77200655/
77201091,アンピールリーヴァス天神,3699,28,地下鉄七隈線,渡辺通,7,2LDK,58.72,福岡県福岡市中央区春吉１,https://suumo.jp//ms/chuko/fukuoka/sc_fukuokashichuo/nc_77201091/
77201139,トーカンマンション谷,3780,31,地下鉄七隈線,六本松,5,2LDK,65.37,福岡県福岡市中央区谷１,https://suumo.jp//ms/chuko/fukuoka/sc_fukuokashichuo/nc_77201139/
77201526,エンゼルハイム大濠公園南,3984,36,地下鉄七隈線,別府,4,3LDK,69.03,福岡県福岡市城南区鳥飼６,https://suumo.jp//ms/chuko/fukuoka/sc_fukuokashijonan/nc_77201526/
77201704,西新南ハイツ,2780,40,地下鉄空港線,西新,11,2LDK,59.43,福岡県福岡市早良区曙２,https://suumo.jp//ms/chuko/fukuoka/sc_fukuokashisawara/nc_77201704/
77202422,ブライトンヒルズ赤坂けやき通り,7600,25,地下鉄空港線,赤坂,13,4LDK,89.85,福岡県福岡市中央区赤坂３,https://suumo.jp//ms/chuko/fukuoka/sc_fukuokashichuo/nc_77202422/
77203357,グランピア山荘通り,5880,36,地下鉄七隈線,薬院大通,13,3LDK,104.91,福岡県福岡市中央区平尾５-1-15,https://suumo.jp//ms/chuko/fukuoka/sc_fukuokashichuo/nc_77203357/
77207743,ウェルリバービュー天神,6080,20,地下鉄空港線,中洲川端,7,3LDK,76.97,福岡県福岡市博多区中洲中島町,https://suumo.jp//ms/chuko/fukuoka/sc_fukuokashihakata/nc_77207743/
77208424,アクロス天神センタープラザ,4980,21,地下鉄七隈線,渡辺通,6,2LDK,71.11,福岡県福岡市中央区渡辺通３,https://suumo.jp//ms/chuko/fukuoka/sc_fukuokashichuo/nc_77208424/
77208631,ライオンズマンション舞鶴第3,3500,41,地下鉄空港線,赤坂,7,4LDK,78.96,福岡県福岡市中央区舞鶴２,https://suumo.jp//ms/chuko/fukuoka/sc_fukuokashichuo/nc_77208631/
77208887,グランアーキ大濠一丁目ザ・レジデンス,18800,5,地下鉄七隈線,六本松,10,3LDK,121.7,福岡県福岡市中央区大濠１,https://suumo.jp//ms/chuko/fukuoka/sc_fukuokashichuo/nc_77208887/
77208903,エイルマンション博多駅東,2980,23,地下鉄空港線,東比恵,10,2DK,52.15,福岡県福岡市博多区東光２,https://suumo.jp//ms/chuko/fukuoka/sc_fukuokashihakata/nc_77208903/
77208931,ＭＪＲ博多ザ・レジデンス,11500,1,ＪＲ鹿児島本線,博多,12,3LDK,97.26,福岡県福岡市博多区美野島１,https://suumo.jp//ms/chuko/fukuoka/sc_fukuokashihakata/nc_77208931/
77210207,朝日プラザ大濠2,1880,42,地下鉄七隈線,六本松,4,1LDK,44.28,福岡県福岡市中央区草香江１-2-40,https://suumo.jp//ms/chuko/fukuoka/sc_fukuokashichuo/nc_77210207/
77210257,グランドヒルズ大濠一丁目,11700,23,地下鉄空港線,唐人町,12,3LDK,112.25,福岡県福岡市中央区大濠１-10-24,https://suumo.jp//ms/chuko/fukuoka/sc_fukuokashichuo/nc_77210257/
77218356,アンピール別府,2380,37,地下鉄七隈線,別府,15,4LDK,87.23,福岡県福岡市城南区別府６,https://suumo.jp//ms/chuko/fukuoka/sc_fukuokashijonan/nc_77218356/
77220189,アクセス別府リバーサイド,3780,23,地下鉄七隈線,六本松,11,4LDK,83.87,福岡県福岡市城南区田島１,https://suumo.jp//ms/chuko/fukuoka/sc_fukuokashijonan/nc_77220189/
77222808,スコーレ第二西新,1750,48,地下鉄空港線,西新,6,3LDK,87.52,福岡県福岡市早良区城西１,https://suumo.jp//ms/chuko/fukuoka/sc_fukuokashisawara/nc_77222808/
77229170,オープンレジデンシア薬院白金,3250,3,地下鉄七隈線,薬院,11,1LDK,33.92,福岡県福岡市中央区白金２,https://suumo.jp//ms/chuko/fukuoka/sc_fukuokashichuo/nc_77229170/
77231103,ライオンズマンション六本松,2680,40,地下鉄七隈線,桜坂,6,3LDK,70.29,福岡県福岡市中央区谷１,https://suumo.jp//ms/chuko/fukuoka/sc_fukuokashichuo/nc_77231103/
77231610,警固ハウス,3399,46,地下鉄七隈線,薬院大通,8,3LDK,69.3,福岡県福岡市中央区警固１,https://suumo.jp//ms/chuko/fukuoka/sc_fukuokashichuo/nc_77231610/
77231738,ザ・パークハウス天神今泉,13000,6,地下鉄七隈線,薬院大通,5,3LDK,90.42,福岡県福岡市中央区今泉２,https://suumo.jp//ms/chuko/fukuoka/sc_fukuokashichuo/nc_77231738/
77231898,KBCマンションユーハイム室見,2290,41,地下鉄空港線,藤崎,14,3LDK,61.46,福岡県福岡市早良区室見５-4-10,https://suumo.jp//ms/chuko/fukuoka/sc_fukuokashisawara/nc_77231898/
77236790,グランフォーレ西新パサージュ,2750,5,地下鉄空港線,藤崎,6,1LDK,33.23,福岡県福岡市早良区高取１,https://suumo.jp//ms/chuko/fukuoka/sc_fukuokashisawara/nc_77236790/
77237377,トーカンマンション警固・内野ケゴビル,3799,48,地下鉄空港線,赤坂,10,3LDK,82.71,福岡県福岡市中央区警固２,https://suumo.jp//ms/chuko/fukuoka/sc_fukuokashichuo/nc_77237377/
77238106,モントーレラコルタユニバ通り,2380,13,地下鉄空港線,福岡空港,10,2LDK,54.77,福岡県糟屋郡志免町別府西３,https://suumo.jp//ms/chuko/fukuoka/sc_kasuyagunshime/nc_77238106/
77239737,東峰マンション渡辺通,2080,40,地下鉄七隈線,渡辺通,5,2LDK,53.12,福岡県福岡市中央区春吉２-16-15,https://suumo.jp//ms/chuko/fukuoka/sc_fukuokashichuo/nc_77239737/
77241631,ライオンズマンション高砂◆☆内覧希望TEL：0800…,2699,48,地下鉄七隈線,渡辺通,7,2LDK,55.69,福岡県福岡市中央区高砂１,https://suumo.jp//ms/chuko/fukuoka/sc_fukuokashichuo/nc_77241631/
77244411,アンピールリーヴァス天神◆☆内覧希望TEL：0800…,3699,28,地下鉄七隈線,渡辺通,7,2LDK,58.72,福岡県福岡市中央区春吉１,https://suumo.jp//ms/chuko/fukuoka/sc_fukuokashichuo/nc_77244411/
77244599,百道タワー,8680,22,地下鉄空港線,西新,9,1LDK,95.09,福岡県福岡市早良区百道浜１,https://suumo.jp//ms/chuko/fukuoka/sc_fukuokashisawara/nc_77244599/
77244909,【令和7年5月リノベーション済☆】ソピア大濠西,4999,27,地下鉄空港線,西新,9,2LDK+S（納戸）,69.33,福岡県福岡市中央区鳥飼３-16-9,https://suumo.jp//ms/chuko/fukuoka/sc_fukuokashichuo/nc_77244909/
77245206,ライオンズマンション薬院第2◆☆内覧希望TEL：08…,3499,46,地下鉄七隈線,薬院大通,7,3LDK,81.48,福岡県福岡市中央区薬院２,https://suumo.jp//ms/chuko/fukuoka/sc_fukuokashichuo/nc_77245206/
77245311,コアマンション大手門タワー,9300,23,地下鉄空港線,赤坂,6,3LDK,90.87,福岡県福岡市中央区大手門１,https://suumo.jp//ms/chuko/fukuoka/sc_fukuokashichuo/nc_77245311/
77245814,赤坂パインマンション◆☆内覧希望TEL：0800-1…,4399,45,地下鉄空港線,赤坂,8,3LDK,86.1,福岡県福岡市中央区赤坂１,https://suumo.jp//ms/chuko/fukuoka/sc_fukuokashichuo/nc_77245814/
77249161,【駅近好立地♪】ラフォーレ室見,4180,23,地下鉄空港線,藤崎,9,4LDK,90.87,福岡県福岡市早良区室見４,https://suumo.jp//ms/chuko/fukuoka/sc_fukuokashisawara/nc_77249161/
77251082,グリーンマンションラフィネ鳥栖,1598,28,地下鉄空港線,大濠公園,9,3LDK,70.85,佐賀県鳥栖市東町１,https://suumo.jp//ms/chuko/saga/sc_tosu/nc_77251082/
77251778,トラスト福岡空港駅レジデンス,3890,2,地下鉄空港線,福岡空港,14,3LDK,65.55,福岡県糟屋郡志免町別府北４,https://suumo.jp//ms/chuko/fukuoka/sc_kasuyagunshime/nc_77251778/
77253248,ＪＧＭロイヤルガーデンけやき通り,8580,21,地下鉄空港線,赤坂,8,2LDK,108.14,福岡県福岡市中央区警固２,https://suumo.jp//ms/chuko/fukuoka/sc_fukuokashichuo/nc_77253248/
77253831,オープンレジデンシア天神今泉,3790,3,地下鉄七隈線,薬院大通,6,1LDK,34.12,福岡県福岡市中央区今泉２,https://suumo.jp//ms/chuko/fukuoka/sc_fukuokashichuo/nc_77253831/
77255476,ライオンズマンション西公園,3499,47,地下鉄空港線,大濠公園,8,3LDK,85.37,福岡県福岡市中央区荒戸２,https://suumo.jp//ms/chuko/fukuoka/sc_fukuokashichuo/nc_77255476/
77256728,朝日プラザ平尾,2200,44,地下鉄七隈線,薬院,13,1LDK,46.38,福岡県福岡市中央区平尾２-12,https://suumo.jp//ms/chuko/fukuoka/sc_fukuokashichuo/nc_77256728/
77257932,ザ・ライオンズ大濠公園,26000,2,地下鉄空港線,大濠公園,3,2LDK,116.11,福岡県福岡市中央区荒戸１,https://suumo.jp//ms/chuko/fukuoka/sc_fukuokashichuo/nc_77257932/
77260337,ハイムニュー桜坂,2490,51,地下鉄七隈線,桜坂,4,2LDK,74.37,福岡県福岡市中央区桜坂３,https://suumo.jp//ms/chuko/fukuoka/sc_fukuokashichuo/nc_77260337/
77260916,パークスタイル・ザ・シェイプ,6700,18,地下鉄七隈線,別府,5,4LDK,93.59,福岡県福岡市城南区鳥飼５,https://suumo.jp//ms/chuko/fukuoka/sc_fukuokashijonan/nc_77260916/
77261451,ライオンズマンション大濠タワー,6780,21,地下鉄七隈線,六本松,6,4LDK,93.91,福岡県福岡市中央区草香江１,https://suumo.jp//ms/chuko/fukuoka/sc_fukuokashichuo/nc_77261451/
77262650,（室内クリーニング済）エンゼルハイム大濠公園南【眺望…,3680,36,地下鉄七隈線,別府,5,3LDK,69.03,福岡県福岡市城南区鳥飼６,https://suumo.jp//ms/chuko/fukuoka/sc_fukuokashijonan/nc_77262650/
77264013,ザ・パークハウス天神今泉,9800,6,地下鉄七隈線,薬院大通,5,3LDK,81.7,福岡県福岡市中央区今泉２,https://suumo.jp//ms/chuko/fukuoka/sc_fukuokashichuo/nc_77264013/
77267111,グランドメゾン赤坂けやきレジデンス,19000,8,地下鉄空港線,赤坂,7,2LDK,114.12,福岡県福岡市中央区赤坂２,https://suumo.jp//ms/chuko/fukuoka/sc_fukuokashichuo/nc_77267111/
77271081,ゾンネンハイム大手門,2380,53,地下鉄空港線,大濠公園,8,1LDK,66.0,福岡県福岡市中央区大手門２,https://suumo.jp//ms/chuko/fukuoka/sc_fukuokashichuo/nc_77271081/
77272518,ザ・パークハウス福岡タワーズEAST,7950,6,地下鉄空港線,唐人町,15,2LDK,82.52,福岡県福岡市中央区地行浜２,https://suumo.jp//ms/chuko/fukuoka/sc_fukuokashichuo/nc_77272518/
77272549,シーサイドももちヴェルデコート6番館,5000,35,地下鉄空港線,藤崎,11,4LDK,105.43,福岡県福岡市早良区百道浜３,https://suumo.jp//ms/chuko/fukuoka/sc_fukuokashisawara/nc_77272549/
77274756,藤崎ロジュマン,3690,38,地下鉄空港線,藤崎,12,3LDK,71.16,福岡県福岡市早良区昭代３,https://suumo.jp//ms/chuko/fukuoka/sc_fukuokashisawara/nc_77274756/
77276265,MISMO天神,7200,3,西鉄天神大牟田線,薬院,5,2LDK,60.12,福岡県福岡市中央区渡辺通２-1-27,https://suumo.jp//ms/chuko/fukuoka/sc_fukuokashichuo/nc_77276265/
77278119,ザ・パークハウス赤坂タワーレジデンス,7900,7,地下鉄空港線,赤坂,6,3LDK,72.57,福岡県福岡市中央区長浜２-2-8,https://suumo.jp//ms/chuko/fukuoka/sc_fukuokashichuo/nc_77278119/
77279842,ロマネスク大濠アネックス,2300,39,地下鉄空港線,唐人町,13,3LDK,59.65,福岡県福岡市中央区鳥飼２,https://suumo.jp//ms/chuko/fukuoka/sc_fukuokashichuo/nc_77279842/
77280025,グランドメゾン　ザ・大濠,33500,9,地下鉄空港線,唐人町,11,2LDK+S（納戸）,128.52,福岡県福岡市中央区大濠１,https://suumo.jp//ms/chuko/fukuoka/sc_fukuokashichuo/nc_77280025/
77281640,大濠藤和コープ,4200,55,地下鉄七隈線,桜坂,11,4LDK+S（納戸）,140.0,福岡県福岡市中央区赤坂３,https://suumo.jp//ms/chuko/fukuoka/sc_fukuokashichuo/nc_77281640/
77284205,大濠ハイツ,1990,49,地下鉄七隈線,六本松,9,3LDK,71.28,福岡県福岡市中央区六本松３-16-28,https://suumo.jp//ms/chuko/fukuoka/sc_fukuokashichuo/nc_77284205/
77286486,ビレッタ百道,2880,51,地下鉄空港線,藤崎,11,2LDK,60.5,福岡県福岡市早良区百道１-33番22,https://suumo.jp//ms/chuko/fukuoka/sc_fukuokashisawara/nc_77286486/
77289705,プレミスト赤坂けやき通り,9490,3,地下鉄空港線,赤坂,11,2LDK,73.21,福岡県福岡市中央区赤坂２,https://suumo.jp//ms/chuko/fukuoka/sc_fukuokashichuo/nc_77289705/
77292531,ＪＧＭコンシャスブルー浄水館,6480,25,地下鉄七隈線,薬院大通,4,4LDK,85.57,福岡県福岡市中央区薬院４,https://suumo.jp//ms/chuko/fukuoka/sc_fukuokashichuo/nc_77292531/
77295797,アンピール百年橋,4199,31,地下鉄七隈線,渡辺通,15,3LDK,70.11,福岡県福岡市中央区清川３,https://suumo.jp//ms/chuko/fukuoka/sc_fukuokashichuo/nc_77295797/
77296986,アーティックス大濠,5399,22,地下鉄七隈線,六本松,10,2LDK,71.43,福岡県福岡市中央区鳥飼１,https://suumo.jp//ms/chuko/fukuoka/sc_fukuokashichuo/nc_77296986/
77296999,エステートマンション赤坂けやき通り,4490,31,地下鉄七隈線,桜坂,11,3LDK,76.89,福岡県福岡市中央区赤坂３,https://suumo.jp//ms/chuko/fukuoka/sc_fukuokashichuo/nc_77296999/
77298331,百道タワー,8200,22,地下鉄空港線,西新,13,2LDK,108.69,福岡県福岡市早良区百道浜１,https://suumo.jp//ms/chuko/fukuoka/sc_fukuokashisawara/nc_77298331/
77299957,シティマンション平尾２,1750,41,地下鉄七隈線,薬院,11,3DK,49.14,福岡県福岡市中央区平尾２,https://suumo.jp//ms/chuko/fukuoka/sc_fukuokashichuo/nc_77299957/
77302472,シャンボール大名C棟,1980,44,地下鉄空港線,赤坂,2,2DK,45.67,福岡県福岡市中央区大名２-10-3,https://suumo.jp//ms/chuko/fukuoka/sc_fukuokashichuo/nc_77302472/
77305014,ライオンズマンション大名,2980,44,地下鉄空港線,赤坂,9,2LDK,56.23,福岡県福岡市中央区大名１,https://suumo.jp//ms/chuko/fukuoka/sc_fukuokashichuo/nc_77305014/
77305582,百道タワー,6680,22,地下鉄空港線,西新,10,3LDK,81.75,福岡県福岡市早良区百道浜１,https://suumo.jp//ms/chuko/fukuoka/sc_fukuokashisawara/nc_77305582/
77306955,ローズマンション第一博多１号館,1150,52,地下鉄空港線,東比恵,2,1LDK,35.55,福岡県福岡市博多区東比恵２-17-23,https://suumo.jp//ms/chuko/fukuoka/sc_fukuokashihakata/nc_77306955/
77308519,オープンレジデンシア渡辺通,5700,5,地下鉄七隈線,渡辺通,6,2LDK,55.57,福岡県福岡市中央区清川１,https://suumo.jp//ms/chuko/fukuoka/sc_fukuokashichuo/nc_77308519/
77308942,メゾンドプレジール,350,39,地下鉄空港線,西新,9,ワンルーム,16.43,福岡県福岡市中央区鳥飼３,https://suumo.jp//ms/chuko/fukuoka/sc_fukuokashichuo/nc_77308942/
77309914,サンジュール西新,5490,26,地下鉄空港線,西新,5,4LDK,101.7,福岡県福岡市早良区城西１,https://suumo.jp//ms/chuko/fukuoka/sc_fukuokashisawara/nc_77309914/
77312624,パークホームズ警固本通り,5480,17,地下鉄空港線,赤坂,8,1LDK,60.86,福岡県福岡市中央区警固２,https://suumo.jp//ms/chuko/fukuoka/sc_fukuokashichuo/nc_77312624/
77312672,ＫＢＣマンションユーハイム室見,2290,41,地下鉄空港線,藤崎,15,3LDK,61.46,福岡県福岡市早良区室見５,https://suumo.jp//ms/chuko/fukuoka/sc_fukuokashisawara/nc_77312672/
77312726,ロマネスク大濠アネックス,3480,39,地下鉄空港線,唐人町,12,2LDK,61.5,福岡県福岡市中央区鳥飼２,https://suumo.jp//ms/chuko/fukuoka/sc_fukuokashichuo/nc_77312726/
77312728,グランドメゾン大手門ザ・レジデンス,25000,2,地下鉄空港線,大濠公園,6,3LDK,109.37,福岡県福岡市中央区大手門２,https://suumo.jp//ms/chuko/fukuoka/sc_fukuokashichuo/nc_77312728/
77314649,ラフォーレ室見,3980,23,地下鉄空港線,藤崎,9,4LDK,90.87,福岡県福岡市早良区室見４,https://suumo.jp//ms/chuko/fukuoka/sc_fukuokashisawara/nc_77314649/
77317369,オープンレジデンシア薬院二丁目,5200,3,地下鉄七隈線,薬院大通,3,2LDK,42.54,福岡県福岡市中央区薬院２,https://suumo.jp//ms/chuko/fukuoka/sc_fukuokashichuo/nc_77317369/
77317989,アクセス天神,1380,35,地下鉄七隈線,薬院大通,7,1LDK,33.06,福岡県福岡市中央区警固１-10-3,https://suumo.jp//ms/chuko/fukuoka/sc_fukuokashichuo/nc_77317989/
77320555,エンゼルハイムももち,6180,31,地下鉄空港線,西新,10,3LDK,78.27,福岡県福岡市早良区西新２,https://suumo.jp//ms/chuko/fukuoka/sc_fukuokashisawara/nc_77320555/
77322029,藤和高取ホームズ,2280,39,地下鉄空港線,藤崎,7,1LDK,43.74,福岡県福岡市早良区高取１-2-21,https://suumo.jp//ms/chuko/fukuoka/sc_fukuokashisawara/nc_77322029/
77325853,フラワーコーポ平尾,2750,46,西鉄天神大牟田線,薬院,15,3LDK,84.23,福岡県福岡市南区高宮１,https://suumo.jp//ms/chuko/fukuoka/sc_fukuokashiminami/nc_77325853/
77332781,アメックス大濠タワー,19800,20,地下鉄空港線,大濠公園,5,3LDK,145.2,福岡県福岡市中央区大手門３-1-30,https://suumo.jp//ms/chuko/fukuoka/sc_fukuokashichuo/nc_77332781/
77333195,アソシアタワー大濠ベネフィス,6300,21,地下鉄空港線,唐人町,7,4LDK,92.04,福岡県福岡市中央区荒戸３,https://suumo.jp//ms/chuko/fukuoka/sc_fukuokashichuo/nc_77333195/
77333340,エグゼ博多コンドミニアム,3600,11,地下鉄空港線,祇園,2,1LDK,41.06,福岡県福岡市博多区博多駅前１,https://suumo.jp//ms/chuko/fukuoka/sc_fukuokashihakata/nc_77333340/
77335536,エメラルドマンション比恵,1790,44,地下鉄空港線,東比恵,4,2LDK,51.16,福岡県福岡市博多区東比恵３,https://suumo.jp//ms/chuko/fukuoka/sc_fukuokashihakata/nc_77335536/
77336423,レーベン福岡天神ONETOWER,7180,2,地下鉄空港線,天神,10,1LDK,58.39,福岡県福岡市中央区天神５-4-1,https://suumo.jp//ms/chuko/fukuoka/sc_fukuokashichuo/nc_77336423/
77341210,コアマンション大手門タワー,6680,23,地下鉄空港線,赤坂,6,3LDK,95.82,福岡県福岡市中央区大手門１,https://suumo.jp//ms/chuko/fukuoka/sc_fukuokashichuo/nc_77341210/
77341457,ロワールマンション西公園,2490,43,地下鉄空港線,大濠公園,13,2LDK,55.04,福岡県福岡市中央区港３,https://suumo.jp//ms/chuko/fukuoka/sc_fukuokashichuo/nc_77341457/
77341499,デュオヴェール西新,4480,5,地下鉄空港線,西新,6,2LDK,44.43,福岡県福岡市早良区祖原,https://suumo.jp//ms/chuko/fukuoka/sc_fukuokashisawara/nc_77341499/
77341516,グランドメゾン大濠公園ＴＨＥ　ＣＬＡＳＳ,18000,2,地下鉄空港線,大濠公園,4,3LDK,80.07,福岡県福岡市中央区荒戸２,https://suumo.jp//ms/chuko/fukuoka/sc_fukuokashichuo/nc_77341516/
77341620,ソピア天神,6480,27,地下鉄空港線,赤坂,10,2LDK+S（納戸）,74.0,福岡県福岡市中央区警固１,https://suumo.jp//ms/chuko/fukuoka/sc_fukuokashichuo/nc_77341620/
77342059,オープンレジデンシア鳥飼,3750,4,地下鉄空港線,西新,11,1LDK,42.3,福岡県福岡市中央区鳥飼１,https://suumo.jp//ms/chuko/fukuoka/sc_fukuokashichuo/nc_77342059/
77342193,藤和高取ホームズ◆☆眺望良好・開放感のあるお部屋☆◆,2380,39,地下鉄空港線,藤崎,7,1LDK,43.74,福岡県福岡市早良区高取１,https://suumo.jp//ms/chuko/fukuoka/sc_fukuokashisawara/nc_77342193/
77342633,スコーレ赤坂,3880,44,地下鉄空港線,赤坂,1,3LDK,77.56,福岡県福岡市中央区赤坂１,https://suumo.jp//ms/chuko/fukuoka/sc_fukuokashichuo/nc_77342633/
77345489,百道タワー,11480,22,地下鉄空港線,西新,9,3LDK,108.68,福岡県福岡市早良区百道浜１-2-6,https://suumo.jp//ms/chuko/fukuoka/sc_fukuokashisawara/nc_77345489/
77349059,ハイライフ大濠,2480,44,地下鉄七隈線,六本松,9,2LDK,66.78,福岡県福岡市中央区草香江２,https://suumo.jp//ms/chuko/fukuoka/sc_fukuokashichuo/nc_77349059/
77350109,アーバンパレスアクス大濠Ⅱ,3990,27,地下鉄空港線,唐人町,6,3LDK,74.2,福岡県福岡市中央区荒戸３,https://suumo.jp//ms/chuko/fukuoka/sc_fukuokashichuo/nc_77350109/
77355714,モントーレ藤崎南◆☆駐車場空有☆◆,3880,28,地下鉄空港線,藤崎,13,3LDK,75.07,福岡県福岡市早良区原１,https://suumo.jp//ms/chuko/fukuoka/sc_fukuokashisawara/nc_77355714/
77357198,マンションアベニュー,2780,52,地下鉄空港線,西新,4,1LDK,44.57,福岡県福岡市早良区西新５,https://suumo.jp//ms/chuko/fukuoka/sc_fukuokashisawara/nc_77357198/
77357987,アーティックス大濠,5499,22,地下鉄七隈線,六本松,10,2LDK,71.43,福岡県福岡市中央区鳥飼１,https://suumo.jp//ms/chuko/fukuoka/sc_fukuokashichuo/nc_77357987/
77358540,ロマネスク浄水通り,4180,40,地下鉄七隈線,薬院大通,5,3LDK,91.98,福岡県福岡市中央区薬院４,https://suumo.jp//ms/chuko/fukuoka/sc_fukuokashichuo/nc_77358540/
77358542,アクセス六本松南サージュ,6480,13,地下鉄七隈線,六本松,6,4LDK,86.65,福岡県福岡市中央区梅光園１,https://suumo.jp//ms/chuko/fukuoka/sc_fukuokashichuo/nc_77358542/
77359694,オープンレジデンシア博多住吉,3400,3,地下鉄七隈線,櫛田神社前,5,1LDK,34.0,福岡県福岡市博多区住吉２-7-1,https://suumo.jp//ms/chuko/fukuoka/sc_fukuokashihakata/nc_77359694/
77362438,モントーレ藤崎南,3880,28,地下鉄空港線,藤崎,14,3LDK,75.07,福岡県福岡市早良区原１,https://suumo.jp//ms/chuko/fukuoka/sc_fukuokashisawara/nc_77362438/
77364547,ニューハイツ城西,1980,48,地下鉄空港線,西新,9,4LDK,84.46,福岡県福岡市早良区城西２-9-47,https://suumo.jp//ms/chuko/fukuoka/sc_fukuokashisawara/nc_77364547/
77364862,赤坂けやき通りシティハウス,4980,29,地下鉄空港線,赤坂,9,3LDK,76.15,福岡県福岡市中央区赤坂３,https://suumo.jp//ms/chuko/fukuoka/sc_fukuokashichuo/nc_77364862/
77365205,ヴェルドミール薬院,2460,46,地下鉄七隈線,薬院大通,6,2LDK,64.15,福岡県福岡市中央区薬院３,https://suumo.jp//ms/chuko/fukuoka/sc_fukuokashichuo/nc_77365205/
77365380,ダイアパレス大手門,1470,42,地下鉄空港線,大濠公園,6,2DK,38.61,福岡県福岡市中央区港２,https://suumo.jp//ms/chuko/fukuoka/sc_fukuokashichuo/nc_77365380/
77365445,秀和警固レジデンス,2470,52,地下鉄空港線,赤坂,9,2LDK,54.88,福岡県福岡市中央区警固２,https://suumo.jp//ms/chuko/fukuoka/sc_fukuokashichuo/nc_77365445/
77365527,グランドパレス藤崎,6490,8,地下鉄空港線,藤崎,4,3LDK,68.16,福岡県福岡市早良区藤崎１,https://suumo.jp//ms/chuko/fukuoka/sc_fukuokashisawara/nc_77365527/
77365532,ダイアパレス赤坂けやき通り,4480,26,地下鉄空港線,赤坂,12,2LDK,54.44,福岡県福岡市中央区赤坂３,https://suumo.jp//ms/chuko/fukuoka/sc_fukuokashichuo/nc_77365532/
77365593,ライオンズマンション鳥飼,1650,47,地下鉄七隈線,別府,9,2DK,46.83,福岡県福岡市城南区鳥飼６,https://suumo.jp//ms/chuko/fukuoka/sc_fukuokashijonan/nc_77365593/
77365617,◆アーバンパレス天神南ハートランドタワー（居住中）,3650,28,地下鉄七隈線,渡辺通,14,3LDK,74.47,福岡県福岡市中央区清川３-8-17,https://suumo.jp//ms/chuko/fukuoka/sc_fukuokashichuo/nc_77365617/
77368115,ハイツ大手門,3480,44,地下鉄空港線,大濠公園,7,2LDK,69.87,福岡県福岡市中央区大手門２,https://suumo.jp//ms/chuko/fukuoka/sc_fukuokashichuo/nc_77368115/
77370200,グランフォーレ西新パサージュ,2699,5,地下鉄空港線,藤崎,6,1LDK,33.23,福岡県福岡市早良区高取１-2-24,https://suumo.jp//ms/chuko/fukuoka/sc_fukuokashisawara/nc_77370200/
77370203,オープンレジデンシア天神今泉,3480,3,地下鉄七隈線,薬院大通,6,1LDK,34.12,福岡県福岡市中央区今泉２-4-19,https://suumo.jp//ms/chuko/fukuoka/sc_fukuokashichuo/nc_77370203/
77370792,トーカンマンション今泉一〇,2790,46,西鉄天神大牟田線,薬院,8,2LDK,54.18,福岡県福岡市中央区今泉１,https://suumo.jp//ms/chuko/fukuoka/sc_fukuokashichuo/nc_77370792/
77373366,ジョイナス天神タワー,3980,29,地下鉄空港線,中洲川端,11,2LDK,83.99,福岡県福岡市博多区対馬小路,https://suumo.jp//ms/chuko/fukuoka/sc_fukuokashihakata/nc_77373366/
77374501,エバーライフすの子小前,1780,43,地下鉄空港線,大濠公園,6,2LDK,59.86,福岡県福岡市中央区港２,https://suumo.jp//ms/chuko/fukuoka/sc_fukuokashichuo/nc_77374501/
77374564,シティハウス室見ステーションコート,5780,8,地下鉄空港線,藤崎,8,3LDK,66.12,福岡県福岡市早良区室見１,https://suumo.jp//ms/chuko/fukuoka/sc_fukuokashisawara/nc_77374564/
77374565,百道タワー,7180,22,地下鉄空港線,西新,10,2LDK,81.73,福岡県福岡市早良区百道浜１,https://suumo.jp//ms/chuko/fukuoka/sc_fukuokashisawara/nc_77374565/
77375074,朝日プラザ西公園,4980,39,地下鉄空港線,大濠公園,6,3LDK,70.88,福岡県福岡市中央区荒戸２,https://suumo.jp//ms/chuko/fukuoka/sc_fukuokashichuo/nc_77375074/
77375882,ロマネスク今川第２,3980,28,地下鉄空港線,西新,6,3LDK,70.66,福岡県福岡市中央区今川２,https://suumo.jp//ms/chuko/fukuoka/sc_fukuokashichuo/nc_77375882/
77377176,じゅうグランドモア西公園,1849,35,地下鉄空港線,大濠公園,8,2DK,44.75,福岡県福岡市中央区荒戸２,https://suumo.jp//ms/chuko/fukuoka/sc_fukuokashichuo/nc_77377176/
77377177,ロマネスク今川第2,3980,28,地下鉄空港線,西新,8,3LDK,70.66,福岡県福岡市中央区今川２,https://suumo.jp//ms/chuko/fukuoka/sc_fukuokashichuo/nc_77377177/
77379786,グランドメゾン大濠公園ＴＨＥ　ＣＬＡＳＳ,27800,2,地下鉄空港線,大濠公園,5,2LDK,111.94,福岡県福岡市中央区荒戸２,https://suumo.jp//ms/chuko/fukuoka/sc_fukuokashichuo/nc_77379786/
77382264,フェリスト赤坂,36000,10,地下鉄空港線,赤坂,13,3LDK+S（納戸）,193.21,福岡県福岡市中央区赤坂３,https://suumo.jp//ms/chuko/fukuoka/sc_fukuokashichuo/nc_77382264/
77382568,ロマネスク今川第2　中古マンション,3980,28,地下鉄空港線,西新,8,3LDK,70.66,福岡県福岡市中央区今川２,https://suumo.jp//ms/chuko/fukuoka/sc_fukuokashichuo/nc_77382568/
77383983,ソシアル天神,1300,31,地下鉄七隈線,天神南,7,ワンルーム,21.53,福岡県福岡市中央区今泉１,https://suumo.jp//ms/chuko/fukuoka/sc_fukuokashichuo/nc_77383983/
77384531,アンピール・マキシム大濠,10880,26,地下鉄空港線,大濠公園,6,4LDK,108.56,福岡県福岡市中央区荒戸２,https://suumo.jp//ms/chuko/fukuoka/sc_fukuokashichuo/nc_77384531/
77385283,アメックスヒルズ高取,6980,22,地下鉄空港線,藤崎,6,4LDK,100.05,福岡県福岡市早良区高取２,https://suumo.jp//ms/chuko/fukuoka/sc_fukuokashisawara/nc_77385283/
77389126,コスモ西新7丁目,7980,26,地下鉄空港線,藤崎,4,3LDK+S（納戸）,90.04,福岡県福岡市早良区西新７,https://suumo.jp//ms/chuko/fukuoka/sc_fukuokashisawara/nc_77389126/
77391011,デュオヒルズ大濠公園桜並木,7480,8,地下鉄空港線,大濠公園,10,3LDK,74.57,福岡県福岡市中央区荒戸３,https://suumo.jp//ms/chuko/fukuoka/sc_fukuokashichuo/nc_77391011/
77391616,アーバンパレスアクス大濠,3880,31,地下鉄空港線,唐人町,8,2LDK,71.67,福岡県福岡市中央区荒戸３,https://suumo.jp//ms/chuko/fukuoka/sc_fukuokashichuo/nc_77391616/
77392272,エステートマンション赤坂けやき通り,4380,31,地下鉄七隈線,六本松,13,3LDK,76.89,福岡県福岡市中央区赤坂３,https://suumo.jp//ms/chuko/fukuoka/sc_fukuokashichuo/nc_77392272/
77395352,グランドメゾン桜坂ヒルズ,11300,15,地下鉄七隈線,桜坂,6,4LDK,100.0,福岡県福岡市中央区警固３,https://suumo.jp//ms/chuko/fukuoka/sc_fukuokashichuo/nc_77395352/
77398567,第33プリンスマンション城南,2980,40,地下鉄七隈線,別府,2,5DK,85.4,福岡県福岡市城南区別府１,https://suumo.jp//ms/chuko/fukuoka/sc_fukuokashijonan/nc_77398567/
77400525,ファミール輝国,2480,42,地下鉄七隈線,六本松,14,3LDK+S（納戸）,81.6,福岡県福岡市中央区輝国２,https://suumo.jp//ms/chuko/fukuoka/sc_fukuokashichuo/nc_77400525/
77401999,ロマネスク渡辺通,990,37,地下鉄七隈線,渡辺通,5,ワンルーム,22.04,福岡県福岡市中央区春吉１-１５－３,https://suumo.jp//ms/chuko/fukuoka/sc_fukuokashichuo/nc_77401999/
77402000,パンルネックスクリスタル博多Ⅲ,750,32,地下鉄七隈線,博多,13,ワンルーム,20.07,福岡県福岡市博多区住吉４-12-5,https://suumo.jp//ms/chuko/fukuoka/sc_fukuokashihakata/nc_77402000/
77402225,大濠公園アーバンライフ,4000,57,地下鉄七隈線,六本松,8,3LDK,93.24,福岡県福岡市中央区大濠１,https://suumo.jp//ms/chuko/fukuoka/sc_fukuokashichuo/nc_77402225/
77402226,レーベン福岡天神　ONE　TOWER,33333,2,地下鉄空港線,天神,8,3LDK+S（納戸）,142.99,福岡県福岡市中央区天神５,https://suumo.jp//ms/chuko/fukuoka/sc_fukuokashichuo/nc_77402226/
77406796,ラフィネス大濠パークアヴェニュー,890,26,地下鉄空港線,大濠公園,6,1K,24.58,福岡県福岡市中央区大手門２,https://suumo.jp//ms/chuko/fukuoka/sc_fukuokashichuo/nc_77406796/
77406832,アクセス六本松南サージュ,6880,13,地下鉄七隈線,六本松,5,4LDK,86.65,福岡県福岡市中央区梅光園１,https://suumo.jp//ms/chuko/fukuoka/sc_fukuokashichuo/nc_77406832/
77408766,福陵ハイデンス,1580,52,地下鉄七隈線,六本松,14,3LDK,63.25,福岡県福岡市早良区荒江２,https://suumo.jp//ms/chuko/fukuoka/sc_fukuokashisawara/nc_77408766/
77408789,グランアーキ大濠一丁目ザ・レジデンス,16600,5,地下鉄七隈線,六本松,9,3LDK,121.7,福岡県福岡市中央区大濠１-6番33,https://suumo.jp//ms/chuko/fukuoka/sc_fukuokashichuo/nc_77408789/
77409654,ホワイティ薬院,1250,51,地下鉄七隈線,薬院,4,1DK,38.81,福岡県福岡市中央区薬院１,https://suumo.jp//ms/chuko/fukuoka/sc_fukuokashichuo/nc_77409654/
77413794,デュオヴェール薬院ｅｓｔ,4450,5,地下鉄七隈線,薬院,7,2LDK,43.51,福岡県福岡市中央区高砂１,https://suumo.jp//ms/chuko/fukuoka/sc_fukuokashichuo/nc_77413794/
77414681,パーク・ハイム薬院,3580,47,地下鉄七隈線,薬院大通,2,1LDK,71.84,福岡県福岡市中央区薬院２,https://suumo.jp//ms/chuko/fukuoka/sc_fukuokashichuo/nc_77414681/
77414685,パークコート赤坂ヒルトップレジデンス,8970,16,地下鉄七隈線,桜坂,9,4LDK,106.09,福岡県福岡市中央区赤坂３,https://suumo.jp//ms/chuko/fukuoka/sc_fukuokashichuo/nc_77414685/
77416000,シティマンション平尾I,2480,42,西鉄天神大牟田線,薬院,11,2LDK,55.0,福岡県福岡市中央区平尾２-2-18,https://suumo.jp//ms/chuko/fukuoka/sc_fukuokashichuo/nc_77416000/
77416390,エクセレンス祇園,2700,45,地下鉄空港線,祇園,2,2LDK,60.88,福岡県福岡市博多区冷泉町１－３,https://suumo.jp//ms/chuko/fukuoka/sc_fukuokashihakata/nc_77416390/
77418389,デュ・レジア大濠,6200,6,地下鉄空港線,唐人町,3,1LDK,42.27,福岡県福岡市中央区黒門,https://suumo.jp//ms/chuko/fukuoka/sc_fukuokashichuo/nc_77418389/
77420337,デュ・レジア薬院テラス,4490,4,地下鉄七隈線,薬院,12,2LDK,43.13,福岡県福岡市中央区高砂２,https://suumo.jp//ms/chuko/fukuoka/sc_fukuokashichuo/nc_77420337/
77423063,九興マンション百道,3480,45,地下鉄空港線,藤崎,3,2LDK,70.4,福岡県福岡市早良区百道２,https://suumo.jp//ms/chuko/fukuoka/sc_fukuokashisawara/nc_77423063/
77424803,コアマンション大手門タワー,8980,23,地下鉄空港線,赤坂,6,3LDK,95.82,福岡県福岡市中央区大手門１,https://suumo.jp//ms/chuko/fukuoka/sc_fukuokashichuo/nc_77424803/
77428895,アーバンパレス天神南ハートランドタワー,3650,28,地下鉄七隈線,渡辺通,14,3LDK,74.47,福岡県福岡市中央区清川３,https://suumo.jp//ms/chuko/fukuoka/sc_fukuokashichuo/nc_77428895/
77428898,クレアランドマーク,3680,25,地下鉄七隈線,櫛田神社前,3,1LDK,40.43,福岡県福岡市博多区冷泉町,https://suumo.jp//ms/chuko/fukuoka/sc_fukuokashihakata/nc_77428898/
77428951,イトーピア天神東　リ ノ ベ　済,1980,34,地下鉄空港線,中洲川端,12,1LDK,40.23,福岡県福岡市博多区対馬小路11-3,https://suumo.jp//ms/chuko/fukuoka/sc_fukuokashihakata/nc_77428951/
77431401,グランドメゾン赤坂門,8480,21,地下鉄空港線,赤坂,5,2LDK,79.94,福岡県福岡市中央区赤坂１,https://suumo.jp//ms/chuko/fukuoka/sc_fukuokashichuo/nc_77431401/
77432513,博多ニッコーハイツ,2280,47,ＪＲ鹿児島本線,博多,9,3LDK,65.92,福岡県福岡市博多区博多駅東３,https://suumo.jp//ms/chuko/fukuoka/sc_fukuokashihakata/nc_77432513/
77432711,スコーレ舞鶴,2640,42,地下鉄空港線,赤坂,9,1LDK,79.62,福岡県福岡市中央区舞鶴１,https://suumo.jp//ms/chuko/fukuoka/sc_fukuokashichuo/nc_77432711/
77433228,ネストピア大濠公園前Ⅱ,2600,8,地下鉄空港線,大濠公園,3,1LDK,31.49,福岡県福岡市中央区大手門３,https://suumo.jp//ms/chuko/fukuoka/sc_fukuokashichuo/nc_77433228/
77434528,西公園下住宅１０号棟,1200,54,地下鉄空港線,唐人町,11,3LDK,61.23,福岡県福岡市中央区福浜２,https://suumo.jp//ms/chuko/fukuoka/sc_fukuokashichuo/nc_77434528/
77434639,ハイツ城西,1580,52,地下鉄空港線,西新,5,1LDK,48.51,福岡県福岡市早良区城西１,https://suumo.jp//ms/chuko/fukuoka/sc_fukuokashisawara/nc_77434639/
77434649,イニシア大濠公園,7280,18,地下鉄空港線,大濠公園,3,2LDK,71.47,福岡県福岡市中央区荒戸２,https://suumo.jp//ms/chuko/fukuoka/sc_fukuokashichuo/nc_77434649/
77436616,ライオンズマンション博多駅南第2,2180,34,ＪＲ鹿児島本線,博多,13,2DK,48.19,福岡県福岡市博多区博多駅南２,https://suumo.jp//ms/chuko/fukuoka/sc_fukuokashihakata/nc_77436616/
77438419,ライオンズマンション博多駅南第2　　　　　　　　　　…,2180,34,ＪＲ鹿児島本線,博多,10,2DK,48.19,福岡県福岡市博多区博多駅南２,https://suumo.jp//ms/chuko/fukuoka/sc_fukuokashihakata/nc_77438419/
77442591,博多駅前ビル,2780,52,ＪＲ鹿児島本線,博多,5,2LDK,63.49,福岡県福岡市博多区博多駅前１,https://suumo.jp//ms/chuko/fukuoka/sc_fukuokashihakata/nc_77442591/
77443068,パークホームズ大濠公園フロント,8480,1,地下鉄空港線,大濠公園,2,2LDK,53.61,福岡県福岡市中央区荒戸１,https://suumo.jp//ms/chuko/fukuoka/sc_fukuokashichuo/nc_77443068/
77446290,日商岩井新福陵マンション２号棟,1280,48,地下鉄空港線,藤崎,14,4LDK,83.19,福岡県福岡市早良区荒江３,https://suumo.jp//ms/chuko/fukuoka/sc_fukuokashisawara/nc_77446290/
77447259,ライオンズマンション高砂,2699,48,地下鉄七隈線,渡辺通,7,2LDK,55.69,福岡県福岡市中央区高砂１-16-36,https://suumo.jp//ms/chuko/fukuoka/sc_fukuokashichuo/nc_77447259/
77449028,クレアホームズ赤坂けやきの杜,4680,23,地下鉄七隈線,桜坂,6,3LDK,77.72,福岡県福岡市中央区六本松３,https://suumo.jp//ms/chuko/fukuoka/sc_fukuokashichuo/nc_77449028/
77449142,プレミスト西新,7500,15,地下鉄空港線,西新,10,2LDK,73.31,福岡県福岡市早良区西新６,https://suumo.jp//ms/chuko/fukuoka/sc_fukuokashisawara/nc_77449142/
77449218,オリエントハイツ西公園,3480,42,地下鉄空港線,大濠公園,9,3LDK,74.8,福岡県福岡市中央区荒戸３,https://suumo.jp//ms/chuko/fukuoka/sc_fukuokashichuo/nc_77449218/
77450775,藤和シティコープ平尾駅前　内装リフォーム済　家具置い…,4480,30,西鉄天神大牟田線,薬院,14,3LDK,66.82,福岡県福岡市中央区那の川２-11-10,https://suumo.jp//ms/chuko/fukuoka/sc_fukuokashichuo/nc_77450775/
77451530,パークホームズ大濠一丁目,14500,7,地下鉄七隈線,六本松,8,2LDK,90.52,福岡県福岡市中央区大濠１,https://suumo.jp//ms/chuko/fukuoka/sc_fukuokashichuo/nc_77451530/
77451686,ＫＢＣマンションユーハイム室見,1480,41,地下鉄空港線,藤崎,13,2LDK,52.1,福岡県福岡市早良区室見５,https://suumo.jp//ms/chuko/fukuoka/sc_fukuokashisawara/nc_77451686/
77452084,東峰マンション渡辺通　203号室,2550,40,地下鉄七隈線,渡辺通,5,2LDK,55.38,福岡県福岡市中央区春吉２,https://suumo.jp//ms/chuko/fukuoka/sc_fukuokashichuo/nc_77452084/
77452469,ライオンズマンション博多駅南第２,2180,34,ＪＲ鹿児島本線,博多,13,2DK,48.19,福岡県福岡市博多区博多駅南２,https://suumo.jp//ms/chuko/fukuoka/sc_fukuokashihakata/nc_77452469/
77453529,ライオンズマンション博多駅南第2,2180,34,ＪＲ鹿児島本線,博多,14,1LDK,48.19,福岡県福岡市博多区博多駅南２,https://suumo.jp//ms/chuko/fukuoka/sc_fukuokashihakata/nc_77453529/
77453574,エバーライフ桜坂,2680,47,地下鉄七隈線,桜坂,7,4LDK,94.2,福岡県福岡市中央区桜坂３-1-1,https://suumo.jp//ms/chuko/fukuoka/sc_fukuokashichuo/nc_77453574/
77458621,百道タワー,6820,22,地下鉄空港線,西新,9,3LDK,81.73,福岡県福岡市早良区百道浜１,https://suumo.jp//ms/chuko/fukuoka/sc_fukuokashisawara/nc_77458621/
77458626,ライオンズマンション西公園第五,2790,41,地下鉄空港線,大濠公園,6,2LDK,51.7,福岡県福岡市中央区荒戸２,https://suumo.jp//ms/chuko/fukuoka/sc_fukuokashichuo/nc_77458626/
77460118,サンシティ鳥飼,2790,32,地下鉄七隈線,別府,9,3LDK,68.48,福岡県福岡市城南区鳥飼４,https://suumo.jp//ms/chuko/fukuoka/sc_fukuokashijonan/nc_77460118/
77460666,チュリス平尾駅前,5980,27,地下鉄七隈線,薬院,15,3LDK,85.26,福岡県福岡市南区大楠２,https://suumo.jp//ms/chuko/fukuoka/sc_fukuokashiminami/nc_77460666/
77461142,プレサンスロジェ薬院二丁目,15000,6,地下鉄七隈線,薬院大通,3,3LDK,98.0,福岡県福岡市中央区薬院２,https://suumo.jp//ms/chuko/fukuoka/sc_fukuokashichuo/nc_77461142/
77461444,カーサ第2博多,1980,45,地下鉄七隈線,渡辺通,10,2LDK,53.86,福岡県福岡市博多区住吉２,https://suumo.jp//ms/chuko/fukuoka/sc_fukuokashihakata/nc_77461444/
77462938,オープンレジデンシア天神今泉,4950,3,地下鉄七隈線,薬院大通,6,2LDK,43.17,福岡県福岡市中央区今泉２-4-19,https://suumo.jp//ms/chuko/fukuoka/sc_fukuokashichuo/nc_77462938/
77464612,アーバンパレス大濠,4490,34,地下鉄空港線,大濠公園,4,2LDK,53.88,福岡県福岡市中央区荒戸２,https://suumo.jp//ms/chuko/fukuoka/sc_fukuokashichuo/nc_77464612/
77464614,プレミスト赤坂けやき通り,8280,3,地下鉄空港線,赤坂,11,2LDK,62.61,福岡県福岡市中央区赤坂２,https://suumo.jp//ms/chuko/fukuoka/sc_fukuokashichuo/nc_77464614/
77468621,ブラントン大濠公園,7180,8,地下鉄空港線,大濠公園,9,3LDK,82.45,福岡県福岡市中央区荒戸２,https://suumo.jp//ms/chuko/fukuoka/sc_fukuokashichuo/nc_77468621/
77469811,ビバライフ奈良屋,2480,47,地下鉄箱崎線,中洲川端,8,1LDK,52.65,福岡県福岡市博多区奈良屋町,https://suumo.jp//ms/chuko/fukuoka/sc_fukuokashihakata/nc_77469811/
77472349,朝日プラザ大濠Ⅱ,1570,42,地下鉄七隈線,六本松,5,2DK,45.76,福岡県福岡市中央区草香江１-2-40,https://suumo.jp//ms/chuko/fukuoka/sc_fukuokashichuo/nc_77472349/
77472872,大濠オドゥール,9480,28,地下鉄空港線,唐人町,9,3LDK,85.93,福岡県福岡市中央区大濠１-10-8,https://suumo.jp//ms/chuko/fukuoka/sc_fukuokashichuo/nc_77472872/
77473938,コモダス大濠,6980,30,地下鉄空港線,唐人町,6,3LDK,75.6,福岡県福岡市中央区大濠２,https://suumo.jp//ms/chuko/fukuoka/sc_fukuokashichuo/nc_77473938/
77474782,アクロス大濠公園プレミアフォート,6600,4,地下鉄空港線,唐人町,1,2LDK,56.17,福岡県福岡市中央区地行１,https://suumo.jp//ms/chuko/fukuoka/sc_fukuokashichuo/nc_77474782/
77475281,クローバーハイツ荒江,1690,42,地下鉄七隈線,別府,15,3LDK,65.33,福岡県福岡市城南区荒江１,https://suumo.jp//ms/chuko/fukuoka/sc_fukuokashijonan/nc_77475281/
77475284,ザ・パークハウス桜坂サンリヤン,8900,8,地下鉄七隈線,桜坂,3,3LDK,73.6,福岡県福岡市中央区桜坂３,https://suumo.jp//ms/chuko/fukuoka/sc_fukuokashichuo/nc_77475284/
77475285,エンゼルハイム大濠公園南,4580,36,地下鉄七隈線,別府,4,4LDK,93.74,福岡県福岡市城南区鳥飼６,https://suumo.jp//ms/chuko/fukuoka/sc_fukuokashijonan/nc_77475285/
77475295,ライオンズプラザ平尾,4180,30,地下鉄七隈線,薬院,9,3LDK,70.02,福岡県福岡市中央区平尾１,https://suumo.jp//ms/chuko/fukuoka/sc_fukuokashichuo/nc_77475295/
77476301,カーサ第二博多,1980,45,地下鉄七隈線,櫛田神社前,11,2LDK,53.86,福岡県福岡市博多区住吉２,https://suumo.jp//ms/chuko/fukuoka/sc_fukuokashihakata/nc_77476301/
77477254,エンクレスト呉服町,5680,6,地下鉄空港線,中洲川端,12,2LDK,60.14,福岡県福岡市博多区下呉服町３－２３,https://suumo.jp//ms/chuko/fukuoka/sc_fukuokashihakata/nc_77477254/
77479206,ルイマーブル奈良屋,2398,46,地下鉄空港線,中洲川端,11,2LDK,58.56,福岡県福岡市博多区奈良屋町14-3,https://suumo.jp//ms/chuko/fukuoka/sc_fukuokashihakata/nc_77479206/
77479788,高取パーク・ファミリア,3698,44,地下鉄空港線,藤崎,5,3LDK,78.48,福岡県福岡市早良区高取１,https://suumo.jp//ms/chuko/fukuoka/sc_fukuokashisawara/nc_77479788/
77482209,ライオンズマンション薬院第２,3399,46,地下鉄七隈線,薬院大通,6,3LDK,81.48,福岡県福岡市中央区薬院２,https://suumo.jp//ms/chuko/fukuoka/sc_fukuokashichuo/nc_77482209/
77482724,アクタス鳥飼,4580,24,地下鉄七隈線,別府,4,3LDK,75.65,福岡県福岡市城南区鳥飼６,https://suumo.jp//ms/chuko/fukuoka/sc_fukuokashijonan/nc_77482724/
77483508,グランドメゾン鳥飼,5180,26,地下鉄七隈線,別府,10,2LDK+S（納戸）,77.36,福岡県福岡市城南区鳥飼６,https://suumo.jp//ms/chuko/fukuoka/sc_fukuokashijonan/nc_77483508/
77483570,朝日プラザ赤坂,2000,44,地下鉄空港線,赤坂,10,1LDK,39.26,福岡県福岡市中央区警固２,https://suumo.jp//ms/chuko/fukuoka/sc_fukuokashichuo/nc_77483570/
77484035,グランドメゾン浄水ガーデンシティフォレストゲートⅢ,12500,8,地下鉄七隈線,薬院大通,5,3LDK,83.15,福岡県福岡市中央区薬院４,https://suumo.jp//ms/chuko/fukuoka/sc_fukuokashichuo/nc_77484035/
77484036,アクロス天神ファーストステージ,3980,25,地下鉄七隈線,渡辺通,10,2LDK,60.25,福岡県福岡市中央区清川２,https://suumo.jp//ms/chuko/fukuoka/sc_fukuokashichuo/nc_77484036/
77484042,オーセントスクエア弥生,3980,21,地下鉄空港線,藤崎,10,4LDK,90.62,福岡県福岡市早良区弥生２,https://suumo.jp//ms/chuko/fukuoka/sc_fukuokashisawara/nc_77484042/
77487553,グランドメゾン浄水ガーデンシティセントラルフォレスト…,20000,3,地下鉄七隈線,薬院大通,4,3LDK,110.57,福岡県福岡市中央区薬院４,https://suumo.jp//ms/chuko/fukuoka/sc_fukuokashichuo/nc_77487553/
77488707,ロイヤルマンショングランデ城南,3880,30,地下鉄七隈線,別府,10,3LDK,70.16,福岡県福岡市城南区別府６,https://suumo.jp//ms/chuko/fukuoka/sc_fukuokashijonan/nc_77488707/
77489893,ニューライフ天神,3170,43,地下鉄空港線,天神,7,1LDK,53.85,福岡県福岡市中央区天神４,https://suumo.jp//ms/chuko/fukuoka/sc_fukuokashichuo/nc_77489893/
77490819,ロワールガーデン西公園東Ⅱ,4180,26,地下鉄空港線,大濠公園,7,2LDK,56.77,福岡県福岡市中央区港１,https://suumo.jp//ms/chuko/fukuoka/sc_fukuokashichuo/nc_77490819/
77491121,パークスタイル・ザ・シェイプ,5980,18,地下鉄七隈線,六本松,6,3LDK,83.35,福岡県福岡市城南区鳥飼５,https://suumo.jp//ms/chuko/fukuoka/sc_fukuokashijonan/nc_77491121/
77494069,シティマンション高砂,2260,42,地下鉄七隈線,渡辺通,14,3DK,50.58,福岡県福岡市中央区高砂２,https://suumo.jp//ms/chuko/fukuoka/sc_fukuokashichuo/nc_77494069/
77494191,シティマンション薬院,2360,42,地下鉄七隈線,薬院大通,4,2LDK,56.22,福岡県福岡市中央区薬院１,https://suumo.jp//ms/chuko/fukuoka/sc_fukuokashichuo/nc_77494191/
77495204,朝日プラザ大手門,1799,41,地下鉄空港線,大濠公園,5,1LDK,40.03,福岡県福岡市中央区大手門１,https://suumo.jp//ms/chuko/fukuoka/sc_fukuokashichuo/nc_77495204/
77496777,アンピール祇園駅Ⅱ,3980,29,地下鉄空港線,祇園,4,3LDK,71.81,福岡県福岡市博多区冷泉町5-24,https://suumo.jp//ms/chuko/fukuoka/sc_fukuokashihakata/nc_77496777/
77510751,城西オークマンション,2980,47,地下鉄空港線,西新,5,3LDK,98.73,福岡県福岡市早良区城西２,https://suumo.jp//ms/chuko/fukuoka/sc_fukuokashisawara/nc_77510751/
77510907,東峰マンション大宮,1999,48,西鉄天神大牟田線,薬院,8,2LDK,56.61,福岡県福岡市中央区大宮１-5-31,https://suumo.jp//ms/chuko/fukuoka/sc_fukuokashichuo/nc_77510907/
77511197,浄水パーク・ホームズ,3880,32,地下鉄七隈線,薬院大通,4,3LDK,61.48,福岡県福岡市中央区薬院４,https://suumo.jp//ms/chuko/fukuoka/sc_fukuokashichuo/nc_77511197/
77511899,チサンマンション第2天神,750,48,地下鉄空港線,天神,6,ワンルーム,21.6,福岡県福岡市中央区天神４-5-10,https://suumo.jp//ms/chuko/fukuoka/sc_fukuokashichuo/nc_77511899/
77512255,サーパス城南,4499,19,地下鉄七隈線,別府,12,3LDK,72.53,福岡県福岡市城南区田島１,https://suumo.jp//ms/chuko/fukuoka/sc_fukuokashijonan/nc_77512255/
77512560,ロマネスク天神アネックス,880,35,地下鉄七隈線,天神南,7,ワンルーム,20.8,福岡県福岡市中央区渡辺通５,https://suumo.jp//ms/chuko/fukuoka/sc_fukuokashichuo/nc_77512560/
77512602,藤和大手門コープ404号室,3398,44,地下鉄空港線,大濠公園,3,3LDK,67.2,福岡県福岡市中央区大手門３,https://suumo.jp//ms/chuko/fukuoka/sc_fukuokashichuo/nc_77512602/
77514264,アーバンパレス天神南ハートランドタワー A棟,4290,28,地下鉄七隈線,渡辺通,14,3LDK,85.78,福岡県福岡市中央区清川３,https://suumo.jp//ms/chuko/fukuoka/sc_fukuokashichuo/nc_77514264/
77514495,ネクサス藤崎スクエア,5400,17,地下鉄空港線,藤崎,11,3LDK,92.38,福岡県福岡市早良区昭代３,https://suumo.jp//ms/chuko/fukuoka/sc_fukuokashisawara/nc_77514495/
77514700,モントーレヴェルキューブシティ福岡空港駅,3480,16,地下鉄空港線,福岡空港,11,2LDK,59.19,福岡県糟屋郡志免町別府西３,https://suumo.jp//ms/chuko/fukuoka/sc_kasuyagunshime/nc_77514700/
77515121,グランピア赤坂,2899,41,地下鉄空港線,赤坂,6,2LDK,50.06,福岡県福岡市中央区赤坂１,https://suumo.jp//ms/chuko/fukuoka/sc_fukuokashichuo/nc_77515121/
77517946,サンメゾン大濠公園エルド,6200,11,地下鉄七隈線,六本松,7,3LDK,78.68,福岡県福岡市中央区草香江１-8-1,https://suumo.jp//ms/chuko/fukuoka/sc_fukuokashichuo/nc_77517946/
77520140,サークコート大濠センテ―ジ,5280,29,地下鉄空港線,唐人町,7,4LDK,88.96,福岡県福岡市中央区今川１,https://suumo.jp//ms/chuko/fukuoka/sc_fukuokashichuo/nc_77520140/
77520523,スプラウトマンション高取,4500,29,地下鉄空港線,藤崎,5,4LDK,81.65,福岡県福岡市早良区高取２,https://suumo.jp//ms/chuko/fukuoka/sc_fukuokashisawara/nc_77520523/
77524789,ロータリー大和,500,52,地下鉄空港線,祇園,6,ワンルーム,13.8,福岡県福岡市博多区祇園町8-12,https://suumo.jp//ms/chuko/fukuoka/sc_fukuokashihakata/nc_77524789/
77527876,シーサイドももちヴェルデコート,4490,37,地下鉄空港線,藤崎,12,4LDK,91.01,福岡県福岡市早良区百道浜３,https://suumo.jp//ms/chuko/fukuoka/sc_fukuokashisawara/nc_77527876/
77527932,チュリス川端,2480,45,地下鉄空港線,中洲川端,2,1LDK,47.4,福岡県福岡市博多区上川端町,https://suumo.jp//ms/chuko/fukuoka/sc_fukuokashihakata/nc_77527932/
77529234,ビバライフ奈良屋,2480,47,地下鉄空港線,中洲川端,8,1LDK+S（納戸）,52.65,福岡県福岡市博多区奈良屋町9-3,https://suumo.jp//ms/chuko/fukuoka/sc_fukuokashihakata/nc_77529234/
77529888,西公園ハウス,2450,40,地下鉄空港線,大濠公園,14,2LDK,71.7,福岡県福岡市中央区西公園11-10,https://suumo.jp//ms/chuko/fukuoka/sc_fukuokashichuo/nc_77529888/
77530269,室見２丁目パークマンション,3240,31,地下鉄空港線,藤崎,7,3LDK,69.88,福岡県福岡市早良区室見２,https://suumo.jp//ms/chuko/fukuoka/sc_fukuokashisawara/nc_77530269/
77530800,皐月マンシヨン博多,980,47,地下鉄空港線,博多,6,ワンルーム,23.06,福岡県福岡市博多区博多駅前３,https://suumo.jp//ms/chuko/fukuoka/sc_fukuokashihakata/nc_77530800/
77534876,ダイアパレス大名第２,3200,40,地下鉄空港線,赤坂,5,1LDK,63.0,福岡県福岡市中央区大名１-8-32,https://suumo.jp//ms/chuko/fukuoka/sc_fukuokashichuo/nc_77534876/
77534877,藤和大手門コープ,3398,44,地下鉄空港線,大濠公園,2,3LDK,67.2,福岡県福岡市中央区大手門３,https://suumo.jp//ms/chuko/fukuoka/sc_fukuokashichuo/nc_77534877/
77535147,東カン第二キャステール,1280,51,地下鉄空港線,東比恵,10,1LDK,51.66,福岡県福岡市博多区比恵町,https://suumo.jp//ms/chuko/fukuoka/sc_fukuokashihakata/nc_77535147/
77536276,アーティックス大濠４F,5399,22,地下鉄七隈線,六本松,10,2LDK,71.43,福岡県福岡市中央区鳥飼１-2-19,https://suumo.jp//ms/chuko/fukuoka/sc_fukuokashichuo/nc_77536276/
77537560,薬院パークファミリア,3180,46,地下鉄七隈線,薬院大通,4,4LDK,82.05,福岡県福岡市中央区薬院３,https://suumo.jp//ms/chuko/fukuoka/sc_fukuokashichuo/nc_77537560/
77538904,コアマンション大手門タワー,7800,23,地下鉄空港線,赤坂,6,3LDK,95.82,福岡県福岡市中央区大手門１,https://suumo.jp//ms/chuko/fukuoka/sc_fukuokashichuo/nc_77538904/
77544083,ロマネスク天神ルネッサンス,2022,35,地下鉄空港線,赤坂,7,1DK,34.85,福岡県福岡市中央区大名１,https://suumo.jp//ms/chuko/fukuoka/sc_fukuokashichuo/nc_77544083/
77546453,大蔵マンション南博多　602,2899,46,地下鉄空港線,東比恵,10,2LDK,89.25,福岡県福岡市博多区博多駅南３-5-35,https://suumo.jp//ms/chuko/fukuoka/sc_fukuokashihakata/nc_77546453/
77547325,コープ東薬院,2780,46,西鉄天神大牟田線,薬院,6,2LDK,74.8,福岡県福岡市中央区高砂１,https://suumo.jp//ms/chuko/fukuoka/sc_fukuokashichuo/nc_77547325/
77548446,シティマンション高砂,2099,42,地下鉄七隈線,渡辺通,14,2DK,54.0,福岡県福岡市中央区高砂２-15-10,https://suumo.jp//ms/chuko/fukuoka/sc_fukuokashichuo/nc_77548446/
77548769,ニューハイツ城西、201,1980,48,地下鉄空港線,西新,7,4LDK,79.59,福岡県福岡市早良区城西２,https://suumo.jp//ms/chuko/fukuoka/sc_fukuokashisawara/nc_77548769/
77549470,オープンレジデンシア博多住吉,4280,3,ＪＲ鹿児島本線,博多,9,1LDK,38.65,福岡県福岡市博多区住吉２,https://suumo.jp//ms/chuko/fukuoka/sc_fukuokashihakata/nc_77549470/
77550222,デュオヴェール大濠公園,2950,7,地下鉄空港線,大濠公園,6,1LDK,32.08,福岡県福岡市中央区荒戸３,https://suumo.jp//ms/chuko/fukuoka/sc_fukuokashichuo/nc_77550222/
77550878,室見リバーコーポ,1250,52,地下鉄空港線,藤崎,8,1LDK,43.35,福岡県福岡市早良区室見２-7-5,https://suumo.jp//ms/chuko/fukuoka/sc_fukuokashisawara/nc_77550878/
77551036,シーサイドももちヴエルデコート６番館,4980,35,地下鉄空港線,藤崎,11,4LDK,105.43,福岡県福岡市早良区百道浜３-３－６,https://suumo.jp//ms/chuko/fukuoka/sc_fukuokashisawara/nc_77551036/
77551176,サンシャイン室見◆☆眺望良好・新着物件☆◆,2490,39,地下鉄空港線,藤崎,14,2LDK,59.95,福岡県福岡市早良区室見４,https://suumo.jp//ms/chuko/fukuoka/sc_fukuokashisawara/nc_77551176/
77557918,サンシャイン室見,2490,39,地下鉄空港線,藤崎,15,2LDK,59.95,福岡県福岡市早良区室見４-20-22,https://suumo.jp//ms/chuko/fukuoka/sc_fukuokashisawara/nc_77557918/
77560141,サヴォイ　グランデヴィル,6800,18,地下鉄七隈線,櫛田神社前,6,3LDK,80.18,福岡県福岡市博多区博多駅前３,https://suumo.jp//ms/chuko/fukuoka/sc_fukuokashihakata/nc_77560141/
77560355,シャンボール第２平尾,2100,45,西鉄天神大牟田線,薬院,11,2LDK,71.0,福岡県福岡市中央区平尾２,https://suumo.jp//ms/chuko/fukuoka/sc_fukuokashichuo/nc_77560355/
77561055,コーポラス東光,850,52,地下鉄空港線,東比恵,7,2DK,46.67,福岡県福岡市博多区東光２,https://suumo.jp//ms/chuko/fukuoka/sc_fukuokashihakata/nc_77561055/
77561710,ライオンズマンション大濠パークサイド,14800,23,地下鉄空港線,唐人町,11,3LDK,105.51,福岡県福岡市中央区鳥飼２,https://suumo.jp//ms/chuko/fukuoka/sc_fukuokashichuo/nc_77561710/
77562566,皐月マンション奈良屋,1780,46,地下鉄空港線,中洲川端,10,3K,53.28,福岡県福岡市博多区奈良屋町,https://suumo.jp//ms/chuko/fukuoka/sc_fukuokashihakata/nc_77562566/
77562832,シーサイドももちヴェルデコ－ト６番館,4980,35,地下鉄空港線,藤崎,11,4LDK,105.43,福岡県福岡市早良区百道浜３,https://suumo.jp//ms/chuko/fukuoka/sc_fukuokashisawara/nc_77562832/
77565787,オープンレジデンシア大濠公園,3598,3,地下鉄空港線,大濠公園,5,1LDK,34.78,福岡県福岡市中央区大手門２,https://suumo.jp//ms/chuko/fukuoka/sc_fukuokashichuo/nc_77565787/
77566006,グランピア山荘通り,5580,36,地下鉄七隈線,薬院大通,15,3LDK,101.91,福岡県福岡市中央区平尾５,https://suumo.jp//ms/chuko/fukuoka/sc_fukuokashichuo/nc_77566006/
77567104,西公園下住宅八号棟　1階,1600,55,地下鉄空港線,唐人町,11,3LDK,59.59,福岡県福岡市中央区福浜２-５－８,https://suumo.jp//ms/chuko/fukuoka/sc_fukuokashichuo/nc_77567104/
77567687,アクロス大濠公園グランビュー,4630,1,地下鉄空港線,唐人町,3,1LDK,37.11,福岡県福岡市中央区黒門,https://suumo.jp//ms/chuko/fukuoka/sc_fukuokashichuo/nc_77567687/
77567705,Ｄ’クラディア百道,7200,22,地下鉄空港線,藤崎,4,4LDK,95.63,福岡県福岡市早良区百道１,https://suumo.jp//ms/chuko/fukuoka/sc_fukuokashisawara/nc_77567705/
77568730,シーサイドももちヴェルデコート6番館,4980,35,地下鉄空港線,藤崎,10,4LDK,105.43,福岡県福岡市早良区百道浜３,https://suumo.jp//ms/chuko/fukuoka/sc_fukuokashisawara/nc_77568730/
77569137,室見パークマンション,3398,41,地下鉄空港線,藤崎,4,3LDK,71.44,福岡県福岡市早良区室見２,https://suumo.jp//ms/chuko/fukuoka/sc_fukuokashisawara/nc_77569137/
77569143,コアマンション別府,3890,31,地下鉄七隈線,別府,3,3LDK,72.6,福岡県福岡市城南区別府３,https://suumo.jp//ms/chuko/fukuoka/sc_fukuokashijonan/nc_77569143/
77569146,オープンレジデンシア天神今泉,3590,3,地下鉄七隈線,薬院大通,6,1LDK,34.12,福岡県福岡市中央区今泉２,https://suumo.jp//ms/chuko/fukuoka/sc_fukuokashichuo/nc_77569146/
77569147,藤和大手門コープ,3398,44,地下鉄空港線,大濠公園,2,2LDK+S（納戸）,67.2,福岡県福岡市中央区大手門３,https://suumo.jp//ms/chuko/fukuoka/sc_fukuokashichuo/nc_77569147/
77570180,ネクサス薬院,10980,11,地下鉄七隈線,薬院大通,4,2LDK,78.92,福岡県福岡市中央区薬院１,https://suumo.jp//ms/chuko/fukuoka/sc_fukuokashichuo/nc_77570180/
77570836,アーティックス大濠,5499,32,地下鉄七隈線,六本松,11,2LDK,71.43,福岡県福岡市中央区鳥飼１-2-19,https://suumo.jp//ms/chuko/fukuoka/sc_fukuokashichuo/nc_77570836/
77573449,グランドステイツ大濠公園南,8790,22,地下鉄七隈線,六本松,3,3LDK,80.69,福岡県福岡市中央区六本松３,https://suumo.jp//ms/chuko/fukuoka/sc_fukuokashichuo/nc_77573449/
77577337,ロイヤルマンション博多,3680,19,地下鉄空港線,東比恵,10,4LDK,80.63,福岡県福岡市博多区上牟田１,https://suumo.jp//ms/chuko/fukuoka/sc_fukuokashihakata/nc_77577337/
77578488,エバーライフ東平尾公園Ａ棟,2598,32,地下鉄空港線,福岡空港,12,3LDK,63.23,福岡県福岡市博多区大字青木,https://suumo.jp//ms/chuko/fukuoka/sc_fukuokashihakata/nc_77578488/
77578502,ハイム白金,2999,47,地下鉄七隈線,薬院,2,2LDK,66.44,福岡県福岡市中央区白金１-１８－２７,https://suumo.jp//ms/chuko/fukuoka/sc_fukuokashichuo/nc_77578502/
77578673,ロマネスク大濠,3190,46,地下鉄七隈線,別府,15,2LDK,70.22,福岡県福岡市中央区鳥飼１,https://suumo.jp//ms/chuko/fukuoka/sc_fukuokashichuo/nc_77578673/
77578686,シティマンション平尾,3299,42,西鉄天神大牟田線,薬院,12,2LDK,68.78,福岡県福岡市中央区平尾２,https://suumo.jp//ms/chuko/fukuoka/sc_fukuokashichuo/nc_77578686/
77579017,ダイアパレス白金,3080,43,地下鉄七隈線,薬院,5,2LDK,58.61,福岡県福岡市中央区白金１,https://suumo.jp//ms/chuko/fukuoka/sc_fukuokashichuo/nc_77579017/
77579018,ライオンズマンション薬院中央,2740,41,地下鉄七隈線,薬院大通,4,1LDK+S（納戸）,57.72,福岡県福岡市中央区薬院２,https://suumo.jp//ms/chuko/fukuoka/sc_fukuokashichuo/nc_77579018/
77579132,高取パーク・ファミリア,2980,44,地下鉄空港線,藤崎,3,2LDK,59.8,福岡県福岡市早良区高取１-1‐34,https://suumo.jp//ms/chuko/fukuoka/sc_fukuokashisawara/nc_77579132/
77580627,ロイヤルマンション別府【駅近・眺望良好♪】,3120,40,地下鉄七隈線,別府,4,2LDK+S（納戸）,63.0,福岡県福岡市城南区別府３,https://suumo.jp//ms/chuko/fukuoka/sc_fukuokashijonan/nc_77580627/
77581283,シティマンション高砂,1780,42,地下鉄七隈線,渡辺通,13,3DK,50.22,福岡県福岡市中央区高砂２,https://suumo.jp//ms/chuko/fukuoka/sc_fukuokashichuo/nc_77581283/
77582810,ネオハイツ南公園,1990,38,地下鉄七隈線,桜坂,8,3LDK,74.81,福岡県福岡市中央区谷２,https://suumo.jp//ms/chuko/fukuoka/sc_fukuokashichuo/nc_77582810/
77583529,グランドメゾン百道プレイス,10820,10,地下鉄空港線,藤崎,3,3LDK,90.65,福岡県福岡市早良区百道２,https://suumo.jp//ms/chuko/fukuoka/sc_fukuokashisawara/nc_77583529/
77583876,プレスタイル大濠公園,3020,12,地下鉄空港線,大濠公園,8,1LDK,40.08,福岡県福岡市中央区大手門１,https://suumo.jp//ms/chuko/fukuoka/sc_fukuokashichuo/nc_77583876/
77585206,ロイヤルマンション別府6,3990,32,地下鉄七隈線,別府,6,4LDK+S（納戸）,81.19,福岡県福岡市城南区別府６,https://suumo.jp//ms/chuko/fukuoka/sc_fukuokashijonan/nc_77585206/
94397280,ローズマンション第二博多,1880,51,地下鉄空港線,東比恵,13,1LDK,77.08,福岡県福岡市博多区博多駅南３,https://suumo.jp//ms/chuko/fukuoka/sc_fukuokashihakata/nc_94397280/
97574887,西鉄大手門コーポ,4490,50,地下鉄空港線,赤坂,8,4LDK,139.84,福岡県福岡市中央区大手門２,https://suumo.jp//ms/chuko/fukuoka/sc_fukuokashichuo/nc_97574887/
